
REPLACE INTO `creature_template` (`entry`, `difficulty_entry_1`, `difficulty_entry_2`, `difficulty_entry_3`, `KillCredit1`, `KillCredit2`, `modelid1`, `modelid2`, `modelid3`, `modelid4`, `name`, `subname`, `IconName`, `gossip_menu_id`, `minlevel`, `maxlevel`, `exp`, `faction_A`, `faction_H`, `npcflag`, `speed_walk`, `speed_run`, `scale`, `rank`, `mindmg`, `maxdmg`, `dmgschool`, `attackpower`, `dmg_multiplier`, `baseattacktime`, `rangeattacktime`, `unit_class`, `unit_flags`, `dynamicflags`, `family`, `trainer_type`, `trainer_spell`, `trainer_class`, `trainer_race`, `minrangedmg`, `maxrangedmg`, `rangedattackpower`, `type`, `type_flags`, `lootid`, `pickpocketloot`, `skinloot`, `resistance1`, `resistance2`, `resistance3`, `resistance4`, `resistance5`, `resistance6`, `spell1`, `spell2`, `spell3`, `spell4`, `spell5`, `spell6`, `spell7`, `spell8`, `PetSpellDataId`, `VehicleId`, `mingold`, `maxgold`, `AIName`, `MovementType`, `InhabitType`, `Health_mod`, `Mana_mod`, `Armor_mod`, `RacialLeader`, `questItem1`, `questItem2`, `questItem3`, `questItem4`, `questItem5`, `questItem6`, `movementId`, `RegenHealth`, `mechanic_immune_mask`, `flags_extra`, `ScriptName`, `WDBVerified`) VALUES (552000, 0, 0, 0, 0, 0, 22918, 0, 22918, 0, 'Skinner', 'Trade Goods', '', 0, 83, 83, 0, 35, 35, 4224, 2, 2, 1, 2, 50, 150, 0, 1000, 1000, 2000, 1500, 2, 2, 0, 0, 0, 0, 0, 0, 100, 250, 1000, 7, 2, 0, 0, 0, 0, 0, 0, 0, 0, 0, 0, 0, 0, 0, 0, 0, 0, 0, 0, 0, 1000, 1000, '', 0, 3, 100, 50, 10, 0, 0, 0, 0, 0, 0, 0, 0, 1, 0, 2, '', 12340);
DELETE FROM `npc_vendor` WHERE (`entry`=552000);
INSERT INTO `npc_vendor` (`entry`, `slot`, `item`, `maxcount`, `incrtime`, `ExtendedCost`) VALUES 
(552000, 0, 2318, 0, 0, 0),
(552000, 0, 2319, 0, 0, 0),
(552000, 0, 2320, 0, 0, 0),
(552000, 0, 2934, 0, 0, 0),
(552000, 0, 4231, 0, 0, 0),
(552000, 0, 4232, 0, 0, 0),
(552000, 0, 4234, 0, 0, 0),
(552000, 0, 4236, 0, 0, 0),
(552000, 0, 4304, 0, 0, 0),
(552000, 0, 4461, 0, 0, 0),
(552000, 0, 5082, 0, 0, 0),
(552000, 0, 5498, 0, 0, 0),
(552000, 0, 5637, 0, 0, 0),
(552000, 0, 6470, 0, 0, 0),
(552000, 0, 6471, 0, 0, 0),
(552000, 0, 7075, 0, 0, 0),
(552000, 0, 7078, 0, 0, 0),
(552000, 0, 7081, 0, 0, 0),
(552000, 0, 7286, 0, 0, 0),
(552000, 0, 7392, 0, 0, 0),
(552000, 0, 8154, 0, 0, 0),
(552000, 0, 8165, 0, 0, 0),
(552000, 0, 8167, 0, 0, 0),
(552000, 0, 8169, 0, 0, 0),
(552000, 0, 8170, 0, 0, 0),
(552000, 0, 8171, 0, 0, 0),
(552000, 0, 8172, 0, 0, 0),
(552000, 0, 12753, 0, 0, 0),
(552000, 0, 12803, 0, 0, 0),
(552000, 0, 12810, 0, 0, 0),
(552000, 0, 15407, 0, 0, 0),
(552000, 0, 15408, 0, 0, 0),
(552000, 0, 15412, 0, 0, 0),
(552000, 0, 15414, 0, 0, 0),
(552000, 0, 15415, 0, 0, 0),
(552000, 0, 15416, 0, 0, 0),
(552000, 0, 15417, 0, 0, 0),
(552000, 0, 17056, 0, 0, 0),
(552000, 0, 21887, 0, 0, 0),
(552000, 0, 22452, 0, 0, 0),
(552000, 0, 22457, 0, 0, 0),
(552000, 0, 23571, 0, 0, 0),
(552000, 0, 23793, 0, 0, 0),
(552000, 0, 25649, 0, 0, 0),
(552000, 0, 25699, 0, 0, 0),
(552000, 0, 25700, 0, 0, 0),
(552000, 0, 25707, 0, 0, 0),
(552000, 0, 29539, 0, 0, 0),
(552000, 0, 29547, 0, 0, 0),
(552000, 0, 29548, 0, 0, 0),
(552000, 0, 33567, 0, 0, 0),
(552000, 0, 33568, 0, 0, 0),
(552000, 0, 38425, 0, 0, 0),
(552000, 0, 38557, 0, 0, 0),
(552000, 0, 38558, 0, 0, 0),
(552000, 0, 38561, 0, 0, 0),
(552000, 0, 44128, 0, 0, 0);

REPLACE INTO `creature_template` (`entry`, `difficulty_entry_1`, `difficulty_entry_2`, `difficulty_entry_3`, `KillCredit1`, `KillCredit2`, `modelid1`, `modelid2`, `modelid3`, `modelid4`, `name`, `subname`, `IconName`, `gossip_menu_id`, `minlevel`, `maxlevel`, `exp`, `faction_A`, `faction_H`, `npcflag`, `speed_walk`, `speed_run`, `scale`, `rank`, `mindmg`, `maxdmg`, `dmgschool`, `attackpower`, `dmg_multiplier`, `baseattacktime`, `rangeattacktime`, `unit_class`, `unit_flags`, `dynamicflags`, `family`, `trainer_type`, `trainer_spell`, `trainer_class`, `trainer_race`, `minrangedmg`, `maxrangedmg`, `rangedattackpower`, `type`, `type_flags`, `lootid`, `pickpocketloot`, `skinloot`, `resistance1`, `resistance2`, `resistance3`, `resistance4`, `resistance5`, `resistance6`, `spell1`, `spell2`, `spell3`, `spell4`, `spell5`, `spell6`, `spell7`, `spell8`, `PetSpellDataId`, `VehicleId`, `mingold`, `maxgold`, `AIName`, `MovementType`, `InhabitType`, `Health_mod`, `Mana_mod`, `Armor_mod`, `RacialLeader`, `questItem1`, `questItem2`, `questItem3`, `questItem4`, `questItem5`, `questItem6`, `movementId`, `RegenHealth`, `mechanic_immune_mask`, `flags_extra`, `ScriptName`, `WDBVerified`) VALUES (551000, 0, 0, 0, 0, 0, 22931, 22931, 657, 0, 'Mining', 'Mining', '', 0, 80, 80, 0, 35, 35, 4224, 1, 1.14286, 1, 1, 50, 150, 0, 1000, 1, 2000, 0, 1, 2, 0, 0, 0, 0, 0, 0, 0, 0, 0, 7, 2, 0, 0, 0, 0, 0, 0, 0, 0, 0, 0, 0, 0, 0, 0, 0, 0, 0, 0, 0, 0, 0, '', 0, 3, 10, 1, 1, 0, 0, 0, 0, 0, 0, 0, 0, 1, 0, 0, '', 1);
DELETE FROM `npc_vendor` WHERE (`entry`=551000);
INSERT INTO `npc_vendor` (`entry`, `slot`, `item`, `maxcount`, `incrtime`, `ExtendedCost`) VALUES 
(551000, 0, 2771, 0, 0, 0),
(551000, 0, 2772, 0, 0, 0),
(551000, 0, 2775, 0, 0, 0),
(551000, 0, 2776, 0, 0, 0),
(551000, 0, 2840, 0, 0, 0),
(551000, 0, 3470, 0, 0, 0),
(551000, 0, 3857, 0, 0, 0),
(551000, 0, 3858, 0, 0, 0),
(551000, 0, 3859, 0, 0, 0),
(551000, 0, 3860, 0, 0, 0),
(551000, 0, 7911, 0, 0, 0),
(551000, 0, 10620, 0, 0, 0),
(551000, 0, 11176, 0, 0, 0),
(551000, 0, 11370, 0, 0, 0),
(551000, 0, 12360, 0, 0, 0),
(551000, 0, 17010, 0, 0, 0),
(551000, 0, 18562, 0, 0, 0),
(551000, 0, 18567, 0, 0, 0),
(551000, 0, 21884, 0, 0, 0),
(551000, 0, 22452, 0, 0, 0),
(551000, 0, 23424, 0, 0, 0),
(551000, 0, 23425, 0, 0, 0),
(551000, 0, 23426, 0, 0, 0),
(551000, 0, 23427, 0, 0, 0),
(551000, 0, 36909, 0, 0, 0),
(551000, 0, 36910, 0, 0, 0),
(551000, 0, 36912, 0, 0, 0),
(551000, 0, 36913, 0, 0, 0),
(551000, 0, 36916, 0, 0, 0),
(551000, 0, 37663, 0, 0, 0),
(551000, 0, 41163, 0, 0, 0);

REPLACE INTO `creature_template` (`entry`, `difficulty_entry_1`, `difficulty_entry_2`, `difficulty_entry_3`, `KillCredit1`, `KillCredit2`, `modelid1`, `modelid2`, `modelid3`, `modelid4`, `name`, `subname`, `IconName`, `gossip_menu_id`, `minlevel`, `maxlevel`, `exp`, `faction_A`, `faction_H`, `npcflag`, `speed_walk`, `speed_run`, `scale`, `rank`, `mindmg`, `maxdmg`, `dmgschool`, `attackpower`, `dmg_multiplier`, `baseattacktime`, `rangeattacktime`, `unit_class`, `unit_flags`, `dynamicflags`, `family`, `trainer_type`, `trainer_spell`, `trainer_class`, `trainer_race`, `minrangedmg`, `maxrangedmg`, `rangedattackpower`, `type`, `type_flags`, `lootid`, `pickpocketloot`, `skinloot`, `resistance1`, `resistance2`, `resistance3`, `resistance4`, `resistance5`, `resistance6`, `spell1`, `spell2`, `spell3`, `spell4`, `spell5`, `spell6`, `spell7`, `spell8`, `PetSpellDataId`, `VehicleId`, `mingold`, `maxgold`, `AIName`, `MovementType`, `InhabitType`, `Health_mod`, `Mana_mod`, `Armor_mod`, `RacialLeader`, `questItem1`, `questItem2`, `questItem3`, `questItem4`, `questItem5`, `questItem6`, `movementId`, `RegenHealth`, `mechanic_immune_mask`, `flags_extra`, `ScriptName`, `WDBVerified`) VALUES (552000, 0, 0, 0, 0, 0, 22918, 0, 22918, 0, 'Skinner', 'Trade Goods', '', 0, 83, 83, 0, 35, 35, 4224, 2, 2, 1, 2, 50, 150, 0, 1000, 1000, 2000, 1500, 2, 2, 0, 0, 0, 0, 0, 0, 100, 250, 1000, 7, 2, 0, 0, 0, 0, 0, 0, 0, 0, 0, 0, 0, 0, 0, 0, 0, 0, 0, 0, 0, 1000, 1000, '', 0, 3, 100, 50, 10, 0, 0, 0, 0, 0, 0, 0, 0, 1, 0, 2, '', 12340);
DELETE FROM `npc_vendor` WHERE (`entry`=552000);
INSERT INTO `npc_vendor` (`entry`, `slot`, `item`, `maxcount`, `incrtime`, `ExtendedCost`) VALUES 
(552000, 0, 2318, 0, 0, 0),
(552000, 0, 2319, 0, 0, 0),
(552000, 0, 2320, 0, 0, 0),
(552000, 0, 2934, 0, 0, 0),
(552000, 0, 4231, 0, 0, 0),
(552000, 0, 4232, 0, 0, 0),
(552000, 0, 4234, 0, 0, 0),
(552000, 0, 4236, 0, 0, 0),
(552000, 0, 4304, 0, 0, 0),
(552000, 0, 4461, 0, 0, 0),
(552000, 0, 5082, 0, 0, 0),
(552000, 0, 5498, 0, 0, 0),
(552000, 0, 5637, 0, 0, 0),
(552000, 0, 6470, 0, 0, 0),
(552000, 0, 6471, 0, 0, 0),
(552000, 0, 7075, 0, 0, 0),
(552000, 0, 7078, 0, 0, 0),
(552000, 0, 7081, 0, 0, 0),
(552000, 0, 7286, 0, 0, 0),
(552000, 0, 7392, 0, 0, 0),
(552000, 0, 8154, 0, 0, 0),
(552000, 0, 8165, 0, 0, 0),
(552000, 0, 8167, 0, 0, 0),
(552000, 0, 8169, 0, 0, 0),
(552000, 0, 8170, 0, 0, 0),
(552000, 0, 8171, 0, 0, 0),
(552000, 0, 8172, 0, 0, 0),
(552000, 0, 12753, 0, 0, 0),
(552000, 0, 12803, 0, 0, 0),
(552000, 0, 12810, 0, 0, 0),
(552000, 0, 15407, 0, 0, 0),
(552000, 0, 15408, 0, 0, 0),
(552000, 0, 15412, 0, 0, 0),
(552000, 0, 15414, 0, 0, 0),
(552000, 0, 15415, 0, 0, 0),
(552000, 0, 15416, 0, 0, 0),
(552000, 0, 15417, 0, 0, 0),
(552000, 0, 17056, 0, 0, 0),
(552000, 0, 21887, 0, 0, 0),
(552000, 0, 22452, 0, 0, 0),
(552000, 0, 22457, 0, 0, 0),
(552000, 0, 23571, 0, 0, 0),
(552000, 0, 23793, 0, 0, 0),
(552000, 0, 25649, 0, 0, 0),
(552000, 0, 25699, 0, 0, 0),
(552000, 0, 25700, 0, 0, 0),
(552000, 0, 25707, 0, 0, 0),
(552000, 0, 29539, 0, 0, 0),
(552000, 0, 29547, 0, 0, 0),
(552000, 0, 29548, 0, 0, 0),
(552000, 0, 33567, 0, 0, 0),
(552000, 0, 33568, 0, 0, 0),
(552000, 0, 38425, 0, 0, 0),
(552000, 0, 38557, 0, 0, 0),
(552000, 0, 38558, 0, 0, 0),
(552000, 0, 38561, 0, 0, 0),
(552000, 0, 44128, 0, 0, 0);

REPLACE INTO `creature_template` (`entry`, `difficulty_entry_1`, `difficulty_entry_2`, `difficulty_entry_3`, `KillCredit1`, `KillCredit2`, `modelid1`, `modelid2`, `modelid3`, `modelid4`, `name`, `subname`, `IconName`, `gossip_menu_id`, `minlevel`, `maxlevel`, `exp`, `faction_A`, `faction_H`, `npcflag`, `speed_walk`, `speed_run`, `scale`, `rank`, `mindmg`, `maxdmg`, `dmgschool`, `attackpower`, `dmg_multiplier`, `baseattacktime`, `rangeattacktime`, `unit_class`, `unit_flags`, `dynamicflags`, `family`, `trainer_type`, `trainer_spell`, `trainer_class`, `trainer_race`, `minrangedmg`, `maxrangedmg`, `rangedattackpower`, `type`, `type_flags`, `lootid`, `pickpocketloot`, `skinloot`, `resistance1`, `resistance2`, `resistance3`, `resistance4`, `resistance5`, `resistance6`, `spell1`, `spell2`, `spell3`, `spell4`, `spell5`, `spell6`, `spell7`, `spell8`, `PetSpellDataId`, `VehicleId`, `mingold`, `maxgold`, `AIName`, `MovementType`, `InhabitType`, `Health_mod`, `Mana_mod`, `Armor_mod`, `RacialLeader`, `questItem1`, `questItem2`, `questItem3`, `questItem4`, `questItem5`, `questItem6`, `movementId`, `RegenHealth`, `mechanic_immune_mask`, `flags_extra`, `ScriptName`, `WDBVerified`) VALUES (553000, 0, 0, 0, 0, 0, 22918, 0, 22918, 0, 'Other', 'Trade Goods', '', 0, 83, 83, 0, 35, 35, 4224, 2, 2, 1, 2, 50, 150, 0, 1000, 1000, 2000, 1500, 2, 2, 0, 0, 0, 0, 0, 0, 100, 250, 1000, 7, 2, 0, 0, 0, 0, 0, 0, 0, 0, 0, 0, 0, 0, 0, 0, 0, 0, 0, 0, 0, 1000, 1000, '', 0, 3, 100, 50, 10, 0, 0, 0, 0, 0, 0, 0, 0, 1, 0, 2, '', 12340);
DELETE FROM `npc_vendor` WHERE (`entry`=553000);
INSERT INTO `npc_vendor` (`entry`, `slot`, `item`, `maxcount`, `incrtime`, `ExtendedCost`) VALUES 
(553000, 0, 23572, 0, 0, 0),
(553000, 0, 34055, 0, 0, 0),
(553000, 0, 35622, 0, 0, 0),
(553000, 0, 35623, 0, 0, 0),
(553000, 0, 35624, 0, 0, 0),
(553000, 0, 35625, 0, 0, 0),
(553000, 0, 35627, 0, 0, 0),
(553000, 0, 36781, 0, 0, 0),
(553000, 0, 36860, 0, 0, 0),
(553000, 0, 37145, 0, 0, 0),
(553000, 0, 37147, 0, 0, 0),
(553000, 0, 37159, 0, 0, 0),
(553000, 0, 37160, 0, 0, 0),
(553000, 0, 37164, 0, 0, 0),
(553000, 0, 37168, 0, 0, 0),
(553000, 0, 37700, 0, 0, 0),
(553000, 0, 37701, 0, 0, 0),
(553000, 0, 37702, 0, 0, 0),
(553000, 0, 37703, 0, 0, 0),
(553000, 0, 37704, 0, 0, 0),
(553000, 0, 37705, 0, 0, 0),
(553000, 0, 39151, 0, 0, 0),
(553000, 0, 39334, 0, 0, 0),
(553000, 0, 39338, 0, 0, 0),
(553000, 0, 39339, 0, 0, 0),
(553000, 0, 39340, 0, 0, 0),
(553000, 0, 39341, 0, 0, 0),
(553000, 0, 39342, 0, 0, 0),
(553000, 0, 39343, 0, 0, 0),
(553000, 0, 39354, 0, 0, 0),
(553000, 0, 39501, 0, 0, 0),
(553000, 0, 39502, 0, 0, 0),
(553000, 0, 39505, 0, 0, 0),
(553000, 0, 40195, 0, 0, 0),
(553000, 0, 40199, 0, 0, 0),
(553000, 0, 40248, 0, 0, 0),
(553000, 0, 40411, 0, 0, 0),
(553000, 0, 42440, 0, 0, 0),
(553000, 0, 43007, 0, 0, 0),
(553000, 0, 43102, 0, 0, 0),
(553000, 0, 43103, 0, 0, 0),
(553000, 0, 43104, 0, 0, 0),
(553000, 0, 43105, 0, 0, 0),
(553000, 0, 43106, 0, 0, 0),
(553000, 0, 43107, 0, 0, 0),
(553000, 0, 43108, 0, 0, 0),
(553000, 0, 43109, 0, 0, 0),
(553000, 0, 44142, 0, 0, 0),
(553000, 0, 44161, 0, 0, 0),
(553000, 0, 44163, 0, 0, 0),
(553000, 0, 44316, 0, 0, 0),
(553000, 0, 44317, 0, 0, 0),
(553000, 0, 44318, 0, 0, 0),
(553000, 0, 44322, 0, 0, 0),
(553000, 0, 44323, 0, 0, 0),
(553000, 0, 44324, 0, 0, 0),
(553000, 0, 44475, 0, 0, 0),
(553000, 0, 44700, 0, 0, 0),
(553000, 0, 44835, 0, 0, 0),
(553000, 0, 44852, 0, 0, 0),
(553000, 0, 44853, 0, 0, 0),
(553000, 0, 44958, 0, 0, 0),
(553000, 0, 45087, 0, 0, 0),
(553000, 0, 45909, 0, 0, 0),
(553000, 0, 47556, 0, 0, 0);

REPLACE INTO `creature_template` (`entry`, `difficulty_entry_1`, `difficulty_entry_2`, `difficulty_entry_3`, `KillCredit1`, `KillCredit2`, `modelid1`, `modelid2`, `modelid3`, `modelid4`, `name`, `subname`, `IconName`, `gossip_menu_id`, `minlevel`, `maxlevel`, `exp`, `faction_A`, `faction_H`, `npcflag`, `speed_walk`, `speed_run`, `scale`, `rank`, `mindmg`, `maxdmg`, `dmgschool`, `attackpower`, `dmg_multiplier`, `baseattacktime`, `rangeattacktime`, `unit_class`, `unit_flags`, `dynamicflags`, `family`, `trainer_type`, `trainer_spell`, `trainer_class`, `trainer_race`, `minrangedmg`, `maxrangedmg`, `rangedattackpower`, `type`, `type_flags`, `lootid`, `pickpocketloot`, `skinloot`, `resistance1`, `resistance2`, `resistance3`, `resistance4`, `resistance5`, `resistance6`, `spell1`, `spell2`, `spell3`, `spell4`, `spell5`, `spell6`, `spell7`, `spell8`, `PetSpellDataId`, `VehicleId`, `mingold`, `maxgold`, `AIName`, `MovementType`, `InhabitType`, `Health_mod`, `Mana_mod`, `Armor_mod`, `RacialLeader`, `questItem1`, `questItem2`, `questItem3`, `questItem4`, `questItem5`, `questItem6`, `movementId`, `RegenHealth`, `mechanic_immune_mask`, `flags_extra`, `ScriptName`, `WDBVerified`) VALUES (554000, 0, 0, 0, 0, 0, 22918, 0, 22918, 0, 'Devices and Adaptations', 'Trade Goods', '', 0, 83, 83, 0, 35, 35, 4224, 2, 2, 1, 2, 50, 150, 0, 1000, 1000, 2000, 1500, 2, 2, 0, 0, 0, 0, 0, 0, 100, 250, 1000, 7, 2, 0, 0, 0, 0, 0, 0, 0, 0, 0, 0, 0, 0, 0, 0, 0, 0, 0, 0, 0, 1000, 1000, '', 0, 3, 100, 50, 10, 0, 0, 0, 0, 0, 0, 0, 0, 1, 0, 2, '', 12340);
DELETE FROM `npc_vendor` WHERE (`entry`=554000);
INSERT INTO `npc_vendor` (`entry`, `slot`, `item`, `maxcount`, `incrtime`, `ExtendedCost`) VALUES 
(554000, 0, 2901, 0, 0, 0),
(554000, 0, 3470, 0, 0, 0),
(554000, 0, 3486, 0, 0, 0),
(554000, 0, 5956, 0, 0, 0),
(554000, 0, 6219, 0, 0, 0),
(554000, 0, 7005, 0, 0, 0),
(554000, 0, 7966, 0, 0, 0),
(554000, 0, 10580, 0, 0, 0),
(554000, 0, 10719, 0, 0, 0),
(554000, 0, 20815, 0, 0, 0),
(554000, 0, 20824, 0, 0, 0),
(554000, 0, 23820, 0, 0, 0),
(554000, 0, 37567, 0, 0, 0),
(554000, 0, 40536, 0, 0, 0),
(554000, 0, 40768, 0, 0, 0),
(554000, 0, 40769, 0, 0, 0),
(554000, 0, 40771, 0, 0, 0),
(554000, 0, 40772, 0, 0, 0),
(554000, 0, 40892, 0, 0, 0),
(554000, 0, 40893, 0, 0, 0),
(554000, 0, 41119, 0, 0, 0),
(554000, 0, 41146, 0, 0, 0),
(554000, 0, 41167, 0, 0, 0),
(554000, 0, 42546, 0, 0, 0),
(554000, 0, 42641, 0, 0, 0),
(554000, 0, 44739, 0, 0, 0),
(554000, 0, 44951, 0, 0, 0),
(554000, 0, 47828, 0, 0, 0),
(554000, 0, 49040, 0, 0, 0);

REPLACE INTO `creature_template` (`entry`, `difficulty_entry_1`, `difficulty_entry_2`, `difficulty_entry_3`, `KillCredit1`, `KillCredit2`, `modelid1`, `modelid2`, `modelid3`, `modelid4`, `name`, `subname`, `IconName`, `gossip_menu_id`, `minlevel`, `maxlevel`, `exp`, `faction_A`, `faction_H`, `npcflag`, `speed_walk`, `speed_run`, `scale`, `rank`, `mindmg`, `maxdmg`, `dmgschool`, `attackpower`, `dmg_multiplier`, `baseattacktime`, `rangeattacktime`, `unit_class`, `unit_flags`, `dynamicflags`, `family`, `trainer_type`, `trainer_spell`, `trainer_class`, `trainer_race`, `minrangedmg`, `maxrangedmg`, `rangedattackpower`, `type`, `type_flags`, `lootid`, `pickpocketloot`, `skinloot`, `resistance1`, `resistance2`, `resistance3`, `resistance4`, `resistance5`, `resistance6`, `spell1`, `spell2`, `spell3`, `spell4`, `spell5`, `spell6`, `spell7`, `spell8`, `PetSpellDataId`, `VehicleId`, `mingold`, `maxgold`, `AIName`, `MovementType`, `InhabitType`, `Health_mod`, `Mana_mod`, `Armor_mod`, `RacialLeader`, `questItem1`, `questItem2`, `questItem3`, `questItem4`, `questItem5`, `questItem6`, `movementId`, `RegenHealth`, `mechanic_immune_mask`, `flags_extra`, `ScriptName`, `WDBVerified`) VALUES (555000, 0, 0, 0, 0, 0, 22918, 0, 22918, 0, 'Engineer', 'Trade Goods', '', 0, 83, 83, 0, 35, 35, 4224, 2, 2, 1, 2, 50, 150, 0, 1000, 1000, 2000, 1500, 2, 2, 0, 0, 0, 0, 0, 0, 100, 250, 1000, 7, 2, 0, 0, 0, 0, 0, 0, 0, 0, 0, 0, 0, 0, 0, 0, 0, 0, 0, 0, 0, 1000, 1000, '', 0, 3, 100, 50, 10, 0, 0, 0, 0, 0, 0, 0, 0, 1, 0, 2, '', 12340);
DELETE FROM `npc_vendor` WHERE (`entry`=555000);
INSERT INTO `npc_vendor` (`entry`, `slot`, `item`, `maxcount`, `incrtime`, `ExtendedCost`) VALUES 
(555000, 0, 4357, 0, 0, 0),
(555000, 0, 4359, 0, 0, 0),
(555000, 0, 4361, 0, 0, 0),
(555000, 0, 4363, 0, 0, 0),
(555000, 0, 4364, 0, 0, 0),
(555000, 0, 4371, 0, 0, 0),
(555000, 0, 4375, 0, 0, 0),
(555000, 0, 4377, 0, 0, 0),
(555000, 0, 4382, 0, 0, 0),
(555000, 0, 4387, 0, 0, 0),
(555000, 0, 4388, 0, 0, 0),
(555000, 0, 4389, 0, 0, 0),
(555000, 0, 4399, 0, 0, 0),
(555000, 0, 4404, 0, 0, 0),
(555000, 0, 6219, 0, 0, 0),
(555000, 0, 7191, 0, 0, 0),
(555000, 0, 7506, 0, 0, 0),
(555000, 0, 9061, 0, 0, 0),
(555000, 0, 10498, 0, 0, 0),
(555000, 0, 10505, 0, 0, 0),
(555000, 0, 10558, 0, 0, 0),
(555000, 0, 10559, 0, 0, 0),
(555000, 0, 10560, 0, 0, 0),
(555000, 0, 10561, 0, 0, 0),
(555000, 0, 15992, 0, 0, 0),
(555000, 0, 15994, 0, 0, 0),
(555000, 0, 16000, 0, 0, 0),
(555000, 0, 16006, 0, 0, 0),
(555000, 0, 18631, 0, 0, 0),
(555000, 0, 23781, 0, 0, 0),
(555000, 0, 23782, 0, 0, 0),
(555000, 0, 23783, 0, 0, 0),
(555000, 0, 23784, 0, 0, 0),
(555000, 0, 23785, 0, 0, 0),
(555000, 0, 23786, 0, 0, 0),
(555000, 0, 23787, 0, 0, 0),
(555000, 0, 32423, 0, 0, 0),
(555000, 0, 39681, 0, 0, 0),
(555000, 0, 39682, 0, 0, 0),
(555000, 0, 39690, 0, 0, 0);

REPLACE INTO `creature_template` (`entry`, `difficulty_entry_1`, `difficulty_entry_2`, `difficulty_entry_3`, `KillCredit1`, `KillCredit2`, `modelid1`, `modelid2`, `modelid3`, `modelid4`, `name`, `subname`, `IconName`, `gossip_menu_id`, `minlevel`, `maxlevel`, `exp`, `faction_A`, `faction_H`, `npcflag`, `speed_walk`, `speed_run`, `scale`, `rank`, `mindmg`, `maxdmg`, `dmgschool`, `attackpower`, `dmg_multiplier`, `baseattacktime`, `rangeattacktime`, `unit_class`, `unit_flags`, `dynamicflags`, `family`, `trainer_type`, `trainer_spell`, `trainer_class`, `trainer_race`, `minrangedmg`, `maxrangedmg`, `rangedattackpower`, `type`, `type_flags`, `lootid`, `pickpocketloot`, `skinloot`, `resistance1`, `resistance2`, `resistance3`, `resistance4`, `resistance5`, `resistance6`, `spell1`, `spell2`, `spell3`, `spell4`, `spell5`, `spell6`, `spell7`, `spell8`, `PetSpellDataId`, `VehicleId`, `mingold`, `maxgold`, `AIName`, `MovementType`, `InhabitType`, `Health_mod`, `Mana_mod`, `Armor_mod`, `RacialLeader`, `questItem1`, `questItem2`, `questItem3`, `questItem4`, `questItem5`, `questItem6`, `movementId`, `RegenHealth`, `mechanic_immune_mask`, `flags_extra`, `ScriptName`, `WDBVerified`) VALUES (556000, 0, 0, 0, 0, 0, 22918, 0, 22918, 0, 'Imposing of charms', 'Trade Goods', '', 0, 83, 83, 0, 35, 35, 4224, 2, 2, 1, 2, 50, 150, 0, 1000, 1000, 2000, 1500, 2, 2, 0, 0, 0, 0, 0, 0, 100, 250, 1000, 7, 2, 0, 0, 0, 0, 0, 0, 0, 0, 0, 0, 0, 0, 0, 0, 0, 0, 0, 0, 0, 1000, 1000, '', 0, 3, 100, 50, 10, 0, 0, 0, 0, 0, 0, 0, 0, 1, 0, 2, '', 12340);
DELETE FROM `npc_vendor` WHERE (`entry`=556000);
INSERT INTO `npc_vendor` (`entry`, `slot`, `item`, `maxcount`, `incrtime`, `ExtendedCost`) VALUES 
(556000, 0, 3829, 0, 0, 0),
(556000, 0, 4470, 0, 0, 0),
(556000, 0, 5500, 0, 0, 0),
(556000, 0, 6217, 0, 0, 0),
(556000, 0, 6339, 0, 0, 0),
(556000, 0, 6371, 0, 0, 0),
(556000, 0, 7075, 0, 0, 0),
(556000, 0, 7077, 0, 0, 0),
(556000, 0, 7078, 0, 0, 0),
(556000, 0, 7079, 0, 0, 0),
(556000, 0, 7080, 0, 0, 0),
(556000, 0, 7081, 0, 0, 0),
(556000, 0, 7082, 0, 0, 0),
(556000, 0, 10938, 0, 0, 0),
(556000, 0, 10939, 0, 0, 0),
(556000, 0, 10940, 0, 0, 0),
(556000, 0, 10978, 0, 0, 0),
(556000, 0, 10998, 0, 0, 0),
(556000, 0, 11082, 0, 0, 0),
(556000, 0, 11083, 0, 0, 0),
(556000, 0, 11084, 0, 0, 0),
(556000, 0, 11128, 0, 0, 0),
(556000, 0, 11134, 0, 0, 0),
(556000, 0, 11135, 0, 0, 0),
(556000, 0, 11137, 0, 0, 0),
(556000, 0, 11138, 0, 0, 0),
(556000, 0, 11139, 0, 0, 0),
(556000, 0, 11144, 0, 0, 0),
(556000, 0, 11174, 0, 0, 0),
(556000, 0, 11175, 0, 0, 0),
(556000, 0, 11176, 0, 0, 0),
(556000, 0, 11177, 0, 0, 0),
(556000, 0, 11178, 0, 0, 0),
(556000, 0, 11291, 0, 0, 0),
(556000, 0, 12803, 0, 0, 0),
(556000, 0, 12808, 0, 0, 0),
(556000, 0, 13467, 0, 0, 0),
(556000, 0, 13926, 0, 0, 0),
(556000, 0, 14343, 0, 0, 0),
(556000, 0, 14344, 0, 0, 0),
(556000, 0, 16202, 0, 0, 0),
(556000, 0, 16203, 0, 0, 0),
(556000, 0, 16204, 0, 0, 0),
(556000, 0, 16206, 0, 0, 0),
(556000, 0, 17034, 0, 0, 0),
(556000, 0, 20725, 0, 0, 0),
(556000, 0, 22445, 0, 0, 0),
(556000, 0, 22446, 0, 0, 0),
(556000, 0, 22447, 0, 0, 0),
(556000, 0, 22448, 0, 0, 0),
(556000, 0, 22449, 0, 0, 0),
(556000, 0, 22450, 0, 0, 0),
(556000, 0, 22451, 0, 0, 0),
(556000, 0, 22452, 0, 0, 0),
(556000, 0, 22456, 0, 0, 0),
(556000, 0, 22461, 0, 0, 0),
(556000, 0, 22462, 0, 0, 0),
(556000, 0, 22463, 0, 0, 0),
(556000, 0, 22573, 0, 0, 0),
(556000, 0, 25843, 0, 0, 0),
(556000, 0, 25844, 0, 0, 0),
(556000, 0, 25845, 0, 0, 0),
(556000, 0, 34052, 0, 0, 0),
(556000, 0, 34054, 0, 0, 0),
(556000, 0, 34055, 0, 0, 0),
(556000, 0, 34056, 0, 0, 0),
(556000, 0, 34057, 0, 0, 0),
(556000, 0, 41745, 0, 0, 0),
(556000, 0, 44452, 0, 0, 0);

REPLACE INTO `creature_template` (`entry`, `difficulty_entry_1`, `difficulty_entry_2`, `difficulty_entry_3`, `KillCredit1`, `KillCredit2`, `modelid1`, `modelid2`, `modelid3`, `modelid4`, `name`, `subname`, `IconName`, `gossip_menu_id`, `minlevel`, `maxlevel`, `exp`, `faction_A`, `faction_H`, `npcflag`, `speed_walk`, `speed_run`, `scale`, `rank`, `mindmg`, `maxdmg`, `dmgschool`, `attackpower`, `dmg_multiplier`, `baseattacktime`, `rangeattacktime`, `unit_class`, `unit_flags`, `dynamicflags`, `family`, `trainer_type`, `trainer_spell`, `trainer_class`, `trainer_race`, `minrangedmg`, `maxrangedmg`, `rangedattackpower`, `type`, `type_flags`, `lootid`, `pickpocketloot`, `skinloot`, `resistance1`, `resistance2`, `resistance3`, `resistance4`, `resistance5`, `resistance6`, `spell1`, `spell2`, `spell3`, `spell4`, `spell5`, `spell6`, `spell7`, `spell8`, `PetSpellDataId`, `VehicleId`, `mingold`, `maxgold`, `AIName`, `MovementType`, `InhabitType`, `Health_mod`, `Mana_mod`, `Armor_mod`, `RacialLeader`, `questItem1`, `questItem2`, `questItem3`, `questItem4`, `questItem5`, `questItem6`, `movementId`, `RegenHealth`, `mechanic_immune_mask`, `flags_extra`, `ScriptName`, `WDBVerified`) VALUES (557000, 0, 0, 0, 0, 0, 22918, 0, 22918, 0, 'Tracing', 'Trade Goods', '', 0, 83, 83, 0, 35, 35, 4224, 2, 2, 1, 2, 50, 150, 0, 1000, 1000, 2000, 1500, 2, 2, 0, 0, 0, 0, 0, 0, 100, 250, 1000, 7, 2, 0, 0, 0, 0, 0, 0, 0, 0, 0, 0, 0, 0, 0, 0, 0, 0, 0, 0, 0, 1000, 1000, '', 0, 3, 100, 50, 10, 0, 0, 0, 0, 0, 0, 0, 0, 1, 0, 2, '', 12340);
DELETE FROM `npc_vendor` WHERE (`entry`=557000);
INSERT INTO `npc_vendor` (`entry`, `slot`, `item`, `maxcount`, `incrtime`, `ExtendedCost`) VALUES 
(557000, 0, 10648, 0, 0, 0),
(557000, 0, 37101, 0, 0, 0),
(557000, 0, 39151, 0, 0, 0),
(557000, 0, 39334, 0, 0, 0),
(557000, 0, 39338, 0, 0, 0),
(557000, 0, 39339, 0, 0, 0),
(557000, 0, 39340, 0, 0, 0),
(557000, 0, 39341, 0, 0, 0),
(557000, 0, 39342, 0, 0, 0),
(557000, 0, 39354, 0, 0, 0),
(557000, 0, 39393, 0, 0, 0),
(557000, 0, 39469, 0, 0, 0),
(557000, 0, 39501, 0, 0, 0),
(557000, 0, 39502, 0, 0, 0),
(557000, 0, 39774, 0, 0, 0),
(557000, 0, 43103, 0, 0, 0),
(557000, 0, 43104, 0, 0, 0),
(557000, 0, 43105, 0, 0, 0),
(557000, 0, 43106, 0, 0, 0),
(557000, 0, 43107, 0, 0, 0),
(557000, 0, 43108, 0, 0, 0),
(557000, 0, 43109, 0, 0, 0),
(557000, 0, 43116, 0, 0, 0),
(557000, 0, 43117, 0, 0, 0),
(557000, 0, 43118, 0, 0, 0),
(557000, 0, 43119, 0, 0, 0),
(557000, 0, 43120, 0, 0, 0),
(557000, 0, 43121, 0, 0, 0),
(557000, 0, 43122, 0, 0, 0),
(557000, 0, 43123, 0, 0, 0),
(557000, 0, 43124, 0, 0, 0),
(557000, 0, 43125, 0, 0, 0),
(557000, 0, 43126, 0, 0, 0),
(557000, 0, 43127, 0, 0, 0),
(557000, 0, 45912, 0, 0, 0);

REPLACE INTO `creature_template` (`entry`, `difficulty_entry_1`, `difficulty_entry_2`, `difficulty_entry_3`, `KillCredit1`, `KillCredit2`, `modelid1`, `modelid2`, `modelid3`, `modelid4`, `name`, `subname`, `IconName`, `gossip_menu_id`, `minlevel`, `maxlevel`, `exp`, `faction_A`, `faction_H`, `npcflag`, `speed_walk`, `speed_run`, `scale`, `rank`, `mindmg`, `maxdmg`, `dmgschool`, `attackpower`, `dmg_multiplier`, `baseattacktime`, `rangeattacktime`, `unit_class`, `unit_flags`, `dynamicflags`, `family`, `trainer_type`, `trainer_spell`, `trainer_class`, `trainer_race`, `minrangedmg`, `maxrangedmg`, `rangedattackpower`, `type`, `type_flags`, `lootid`, `pickpocketloot`, `skinloot`, `resistance1`, `resistance2`, `resistance3`, `resistance4`, `resistance5`, `resistance6`, `spell1`, `spell2`, `spell3`, `spell4`, `spell5`, `spell6`, `spell7`, `spell8`, `PetSpellDataId`, `VehicleId`, `mingold`, `maxgold`, `AIName`, `MovementType`, `InhabitType`, `Health_mod`, `Mana_mod`, `Armor_mod`, `RacialLeader`, `questItem1`, `questItem2`, `questItem3`, `questItem4`, `questItem5`, `questItem6`, `movementId`, `RegenHealth`, `mechanic_immune_mask`, `flags_extra`, `ScriptName`, `WDBVerified`) VALUES (558000, 0, 0, 0, 0, 0, 22918, 0, 22918, 0, 'Tailoring', 'Trade Goods', '', 0, 83, 83, 0, 35, 35, 4224, 2, 2, 1, 2, 50, 150, 0, 1000, 1000, 2000, 1500, 2, 2, 0, 0, 0, 0, 0, 0, 100, 250, 1000, 7, 2, 0, 0, 0, 0, 0, 0, 0, 0, 0, 0, 0, 0, 0, 0, 0, 0, 0, 0, 0, 1000, 1000, '', 0, 3, 100, 50, 10, 0, 0, 0, 0, 0, 0, 0, 0, 1, 0, 2, '', 12340);
DELETE FROM `npc_vendor` WHERE (`entry`=558000);
INSERT INTO `npc_vendor` (`entry`, `slot`, `item`, `maxcount`, `incrtime`, `ExtendedCost`) VALUES 
(558000, 0, 2320, 0, 0, 0),
(558000, 0, 2321, 0, 0, 0),
(558000, 0, 2324, 0, 0, 0),
(558000, 0, 2325, 0, 0, 0),
(558000, 0, 2589, 0, 0, 0),
(558000, 0, 2592, 0, 0, 0),
(558000, 0, 2604, 0, 0, 0),
(558000, 0, 2605, 0, 0, 0),
(558000, 0, 2996, 0, 0, 0),
(558000, 0, 2997, 0, 0, 0),
(558000, 0, 3182, 0, 0, 0),
(558000, 0, 3827, 0, 0, 0),
(558000, 0, 4291, 0, 0, 0),
(558000, 0, 4305, 0, 0, 0),
(558000, 0, 4306, 0, 0, 0),
(558000, 0, 4337, 0, 0, 0),
(558000, 0, 4338, 0, 0, 0),
(558000, 0, 4339, 0, 0, 0),
(558000, 0, 4340, 0, 0, 0),
(558000, 0, 4341, 0, 0, 0),
(558000, 0, 5339, 0, 0, 0),
(558000, 0, 5498, 0, 0, 0),
(558000, 0, 6260, 0, 0, 0),
(558000, 0, 6261, 0, 0, 0),
(558000, 0, 6371, 0, 0, 0),
(558000, 0, 7071, 0, 0, 0),
(558000, 0, 8343, 0, 0, 0),
(558000, 0, 9210, 0, 0, 0),
(558000, 0, 10290, 0, 0, 0),
(558000, 0, 12622, 0, 0, 0),
(558000, 0, 14047, 0, 0, 0),
(558000, 0, 14048, 0, 0, 0),
(558000, 0, 14227, 0, 0, 0),
(558000, 0, 14256, 0, 0, 0),
(558000, 0, 14341, 0, 0, 0),
(558000, 0, 14342, 0, 0, 0),
(558000, 0, 21840, 0, 0, 0),
(558000, 0, 21842, 0, 0, 0),
(558000, 0, 21844, 0, 0, 0),
(558000, 0, 21877, 0, 0, 0),
(558000, 0, 24271, 0, 0, 0),
(558000, 0, 24272, 0, 0, 0),
(558000, 0, 33470, 0, 0, 0),
(558000, 0, 38426, 0, 0, 0),
(558000, 0, 41510, 0, 0, 0),
(558000, 0, 41511, 0, 0, 0),
(558000, 0, 41520, 0, 0, 0),
(558000, 0, 41593, 0, 0, 0),
(558000, 0, 41594, 0, 0, 0),
(558000, 0, 41595, 0, 0, 0),
(558000, 0, 42253, 0, 0, 0),
(558000, 0, 49908, 0, 0, 0);

REPLACE INTO `creature_template` (`entry`, `difficulty_entry_1`, `difficulty_entry_2`, `difficulty_entry_3`, `KillCredit1`, `KillCredit2`, `modelid1`, `modelid2`, `modelid3`, `modelid4`, `name`, `subname`, `IconName`, `gossip_menu_id`, `minlevel`, `maxlevel`, `exp`, `faction_A`, `faction_H`, `npcflag`, `speed_walk`, `speed_run`, `scale`, `rank`, `mindmg`, `maxdmg`, `dmgschool`, `attackpower`, `dmg_multiplier`, `baseattacktime`, `rangeattacktime`, `unit_class`, `unit_flags`, `dynamicflags`, `family`, `trainer_type`, `trainer_spell`, `trainer_class`, `trainer_race`, `minrangedmg`, `maxrangedmg`, `rangedattackpower`, `type`, `type_flags`, `lootid`, `pickpocketloot`, `skinloot`, `resistance1`, `resistance2`, `resistance3`, `resistance4`, `resistance5`, `resistance6`, `spell1`, `spell2`, `spell3`, `spell4`, `spell5`, `spell6`, `spell7`, `spell8`, `PetSpellDataId`, `VehicleId`, `mingold`, `maxgold`, `AIName`, `MovementType`, `InhabitType`, `Health_mod`, `Mana_mod`, `Armor_mod`, `RacialLeader`, `questItem1`, `questItem2`, `questItem3`, `questItem4`, `questItem5`, `questItem6`, `movementId`, `RegenHealth`, `mechanic_immune_mask`, `flags_extra`, `ScriptName`, `WDBVerified`) VALUES (559000, 0, 0, 0, 0, 0, 22918, 0, 22918, 0, 'Grass, Meat, Fish', 'Trade Goods', '', 0, 83, 83, 0, 35, 35, 4224, 2, 2, 1, 2, 50, 150, 0, 1000, 1000, 2000, 1500, 2, 2, 0, 0, 0, 0, 0, 0, 100, 250, 1000, 7, 2, 0, 0, 0, 0, 0, 0, 0, 0, 0, 0, 0, 0, 0, 0, 0, 0, 0, 0, 0, 1000, 1000, '', 0, 3, 100, 50, 10, 0, 0, 0, 0, 0, 0, 0, 0, 1, 0, 2, '', 12340);
DELETE FROM `npc_vendor` WHERE (`entry`=559000);
INSERT INTO `npc_vendor` (`entry`, `slot`, `item`, `maxcount`, `incrtime`, `ExtendedCost`) VALUES 
(559000, 0, 34736, 0, 0, 0),
(559000, 0, 35794, 0, 0, 0),
(559000, 0, 36782, 0, 0, 0),
(559000, 0, 36901, 0, 0, 0),
(559000, 0, 36902, 0, 0, 0),
(559000, 0, 36903, 0, 0, 0),
(559000, 0, 36904, 0, 0, 0),
(559000, 0, 36905, 0, 0, 0),
(559000, 0, 36906, 0, 0, 0),
(559000, 0, 36907, 0, 0, 0),
(559000, 0, 36908, 0, 0, 0),
(559000, 0, 37921, 0, 0, 0),
(559000, 0, 38688, 0, 0, 0),
(559000, 0, 39152, 0, 0, 0),
(559000, 0, 41800, 0, 0, 0),
(559000, 0, 41801, 0, 0, 0),
(559000, 0, 41802, 0, 0, 0),
(559000, 0, 41803, 0, 0, 0),
(559000, 0, 41805, 0, 0, 0),
(559000, 0, 41806, 0, 0, 0),
(559000, 0, 41807, 0, 0, 0),
(559000, 0, 41808, 0, 0, 0),
(559000, 0, 41809, 0, 0, 0),
(559000, 0, 41810, 0, 0, 0),
(559000, 0, 41812, 0, 0, 0),
(559000, 0, 41813, 0, 0, 0),
(559000, 0, 41814, 0, 0, 0),
(559000, 0, 43007, 0, 0, 0),
(559000, 0, 43009, 0, 0, 0),
(559000, 0, 43010, 0, 0, 0),
(559000, 0, 43011, 0, 0, 0),
(559000, 0, 43012, 0, 0, 0),
(559000, 0, 43013, 0, 0, 0),
(559000, 0, 43016, 0, 0, 0),
(559000, 0, 43501, 0, 0, 0),
(559000, 0, 43571, 0, 0, 0),
(559000, 0, 43572, 0, 0, 0),
(559000, 0, 43646, 0, 0, 0),
(559000, 0, 43647, 0, 0, 0),
(559000, 0, 43652, 0, 0, 0),
(559000, 0, 44834, 0, 0, 0),
(559000, 0, 45907, 0, 0, 0);

REPLACE INTO `creature_template` (`entry`, `difficulty_entry_1`, `difficulty_entry_2`, `difficulty_entry_3`, `KillCredit1`, `KillCredit2`, `modelid1`, `modelid2`, `modelid3`, `modelid4`, `name`, `subname`, `IconName`, `gossip_menu_id`, `minlevel`, `maxlevel`, `exp`, `faction_A`, `faction_H`, `npcflag`, `speed_walk`, `speed_run`, `scale`, `rank`, `mindmg`, `maxdmg`, `dmgschool`, `attackpower`, `dmg_multiplier`, `baseattacktime`, `rangeattacktime`, `unit_class`, `unit_flags`, `dynamicflags`, `family`, `trainer_type`, `trainer_spell`, `trainer_class`, `trainer_race`, `minrangedmg`, `maxrangedmg`, `rangedattackpower`, `type`, `type_flags`, `lootid`, `pickpocketloot`, `skinloot`, `resistance1`, `resistance2`, `resistance3`, `resistance4`, `resistance5`, `resistance6`, `spell1`, `spell2`, `spell3`, `spell4`, `spell5`, `spell6`, `spell7`, `spell8`, `PetSpellDataId`, `VehicleId`, `mingold`, `maxgold`, `AIName`, `MovementType`, `InhabitType`, `Health_mod`, `Mana_mod`, `Armor_mod`, `RacialLeader`, `questItem1`, `questItem2`, `questItem3`, `questItem4`, `questItem5`, `questItem6`, `movementId`, `RegenHealth`, `mechanic_immune_mask`, `flags_extra`, `ScriptName`, `WDBVerified`) VALUES (560000, 0, 0, 0, 0, 0, 22918, 0, 22918, 0, 'Jewellery', 'Trade Goods', '', 0, 83, 83, 0, 35, 35, 4224, 2, 2, 1, 2, 50, 150, 0, 1000, 1000, 2000, 1500, 2, 2, 0, 0, 0, 0, 0, 0, 100, 250, 1000, 7, 2, 0, 0, 0, 0, 0, 0, 0, 0, 0, 0, 0, 0, 0, 0, 0, 0, 0, 0, 0, 1000, 1000, '', 0, 3, 100, 50, 10, 0, 0, 0, 0, 0, 0, 0, 0, 1, 0, 2, '', 12340);
DELETE FROM `npc_vendor` WHERE (`entry`=560000);
INSERT INTO `npc_vendor` (`entry`, `slot`, `item`, `maxcount`, `incrtime`, `ExtendedCost`) VALUES 
(560000, 0, 774, 0, 0, 0),
(560000, 0, 818, 0, 0, 0),
(560000, 0, 1206, 0, 0, 0),
(560000, 0, 1210, 0, 0, 0),
(560000, 0, 1529, 0, 0, 0),
(560000, 0, 1705, 0, 0, 0),
(560000, 0, 2835, 0, 0, 0),
(560000, 0, 2836, 0, 0, 0),
(560000, 0, 2838, 0, 0, 0),
(560000, 0, 3407, 0, 0, 0),
(560000, 0, 3577, 0, 0, 0),
(560000, 0, 3864, 0, 0, 0),
(560000, 0, 5498, 0, 0, 0),
(560000, 0, 6037, 0, 0, 0),
(560000, 0, 7067, 0, 0, 0),
(560000, 0, 7909, 0, 0, 0),
(560000, 0, 7910, 0, 0, 0),
(560000, 0, 7912, 0, 0, 0),
(560000, 0, 7971, 0, 0, 0),
(560000, 0, 8151, 0, 0, 0),
(560000, 0, 11137, 0, 0, 0),
(560000, 0, 11754, 0, 0, 0),
(560000, 0, 12361, 0, 0, 0),
(560000, 0, 12363, 0, 0, 0),
(560000, 0, 12364, 0, 0, 0),
(560000, 0, 12365, 0, 0, 0),
(560000, 0, 12799, 0, 0, 0),
(560000, 0, 12800, 0, 0, 0),
(560000, 0, 12804, 0, 0, 0),
(560000, 0, 20816, 0, 0, 0),
(560000, 0, 20817, 0, 0, 0),
(560000, 0, 20963, 0, 0, 0),
(560000, 0, 21752, 0, 0, 0),
(560000, 0, 21884, 0, 0, 0),
(560000, 0, 21885, 0, 0, 0),
(560000, 0, 21886, 0, 0, 0),
(560000, 0, 21929, 0, 0, 0),
(560000, 0, 22452, 0, 0, 0),
(560000, 0, 22457, 0, 0, 0),
(560000, 0, 22578, 0, 0, 0),
(560000, 0, 23077, 0, 0, 0),
(560000, 0, 23079, 0, 0, 0),
(560000, 0, 23107, 0, 0, 0),
(560000, 0, 23112, 0, 0, 0),
(560000, 0, 23117, 0, 0, 0),
(560000, 0, 23436, 0, 0, 0),
(560000, 0, 23437, 0, 0, 0),
(560000, 0, 23438, 0, 0, 0),
(560000, 0, 23439, 0, 0, 0),
(560000, 0, 23440, 0, 0, 0),
(560000, 0, 23441, 0, 0, 0),
(560000, 0, 23445, 0, 0, 0),
(560000, 0, 23447, 0, 0, 0),
(560000, 0, 23448, 0, 0, 0),
(560000, 0, 24243, 0, 0, 0),
(560000, 0, 24478, 0, 0, 0),
(560000, 0, 24479, 0, 0, 0),
(560000, 0, 25867, 0, 0, 0),
(560000, 0, 25868, 0, 0, 0),
(560000, 0, 31079, 0, 0, 0),
(560000, 0, 32227, 0, 0, 0),
(560000, 0, 32228, 0, 0, 0),
(560000, 0, 32229, 0, 0, 0),
(560000, 0, 32230, 0, 0, 0),
(560000, 0, 32231, 0, 0, 0),
(560000, 0, 32249, 0, 0, 0),
(560000, 0, 34052, 0, 0, 0),
(560000, 0, 34054, 0, 0, 0),
(560000, 0, 36783, 0, 0, 0),
(560000, 0, 36784, 0, 0, 0),
(560000, 0, 36917, 0, 0, 0),
(560000, 0, 36918, 0, 0, 0),
(560000, 0, 36919, 0, 0, 0),
(560000, 0, 36920, 0, 0, 0),
(560000, 0, 36921, 0, 0, 0),
(560000, 0, 36922, 0, 0, 0),
(560000, 0, 36923, 0, 0, 0),
(560000, 0, 36924, 0, 0, 0),
(560000, 0, 36925, 0, 0, 0),
(560000, 0, 36926, 0, 0, 0),
(560000, 0, 36927, 0, 0, 0),
(560000, 0, 36928, 0, 0, 0),
(560000, 0, 36929, 0, 0, 0),
(560000, 0, 36930, 0, 0, 0),
(560000, 0, 36931, 0, 0, 0),
(560000, 0, 36932, 0, 0, 0),
(560000, 0, 36933, 0, 0, 0),
(560000, 0, 36934, 0, 0, 0),
(560000, 0, 41266, 0, 0, 0),
(560000, 0, 41334, 0, 0, 0),
(560000, 0, 41596, 0, 0, 0),
(560000, 0, 42225, 0, 0, 0);

REPLACE INTO `creature_template` (`entry`, `difficulty_entry_1`, `difficulty_entry_2`, `difficulty_entry_3`, `KillCredit1`, `KillCredit2`, `modelid1`, `modelid2`, `modelid3`, `modelid4`, `name`, `subname`, `IconName`, `gossip_menu_id`, `minlevel`, `maxlevel`, `exp`, `faction_A`, `faction_H`, `npcflag`, `speed_walk`, `speed_run`, `scale`, `rank`, `mindmg`, `maxdmg`, `dmgschool`, `attackpower`, `dmg_multiplier`, `baseattacktime`, `rangeattacktime`, `unit_class`, `unit_flags`, `dynamicflags`, `family`, `trainer_type`, `trainer_spell`, `trainer_class`, `trainer_race`, `minrangedmg`, `maxrangedmg`, `rangedattackpower`, `type`, `type_flags`, `lootid`, `pickpocketloot`, `skinloot`, `resistance1`, `resistance2`, `resistance3`, `resistance4`, `resistance5`, `resistance6`, `spell1`, `spell2`, `spell3`, `spell4`, `spell5`, `spell6`, `spell7`, `spell8`, `PetSpellDataId`, `VehicleId`, `mingold`, `maxgold`, `AIName`, `MovementType`, `InhabitType`, `Health_mod`, `Mana_mod`, `Armor_mod`, `RacialLeader`, `questItem1`, `questItem2`, `questItem3`, `questItem4`, `questItem5`, `questItem6`, `movementId`, `RegenHealth`, `mechanic_immune_mask`, `flags_extra`, `ScriptName`, `WDBVerified`) VALUES (2001174, 0, 0, 0, 0, 0, 22931, 22931, 657, 0, 'gdg', '', '', 0, 80, 80, 0, 35, 35, 4224, 1, 1.14286, 1, 1, 50, 150, 0, 1000, 1, 2000, 0, 1, 2, 0, 0, 0, 0, 0, 0, 0, 0, 0, 7, 2, 0, 0, 0, 0, 0, 0, 0, 0, 0, 0, 0, 0, 0, 0, 0, 0, 0, 0, 0, 0, 0, '', 0, 3, 10, 1, 1, 0, 0, 0, 0, 0, 0, 0, 0, 1, 0, 0, '', 1);
DELETE FROM `npc_vendor` WHERE (`entry`=2001174);
INSERT INTO `npc_vendor` (`entry`, `slot`, `item`, `maxcount`, `incrtime`, `ExtendedCost`) VALUES 
(2001174, 0, 1168, 0, 0, 0),
(2001174, 0, 1728, 0, 0, 0),
(2001174, 0, 2955, 0, 0, 0),
(2001174, 0, 3420, 0, 0, 0),
(2001174, 0, 6833, 0, 0, 0),
(2001174, 0, 6835, 0, 0, 0),
(2001174, 0, 6836, 0, 0, 0),
(2001174, 0, 9424, 0, 0, 0),
(2001174, 0, 9653, 0, 0, 0),
(2001174, 0, 10030, 0, 0, 0),
(2001174, 0, 10036, 0, 0, 0),
(2001174, 0, 10040, 0, 0, 0),
(2001174, 0, 12185, 0, 0, 0),
(2001174, 0, 12587, 0, 0, 0),
(2001174, 0, 12592, 0, 0, 0),
(2001174, 0, 13262, 0, 0, 0),
(2001174, 0, 13285, 0, 0, 0),
(2001174, 0, 13379, 0, 0, 0),
(2001174, 0, 13953, 0, 0, 0),
(2001174, 0, 18168, 0, 0, 0),
(2001174, 0, 19028, 0, 0, 0),
(2001174, 0, 19293, 0, 0, 0),
(2001174, 0, 19364, 0, 0, 0),
(2001174, 0, 19945, 0, 0, 0),
(2001174, 0, 19979, 0, 0, 0),
(2001174, 0, 20131, 0, 0, 0),
(2001174, 0, 20536, 0, 0, 0),
(2001174, 0, 21154, 0, 0, 0),
(2001174, 0, 21157, 0, 0, 0),
(2001174, 0, 21524, 0, 0, 0),
(2001174, 0, 21525, 0, 0, 0),
(2001174, 0, 21538, 0, 0, 0),
(2001174, 0, 21539, 0, 0, 0),
(2001174, 0, 21540, 0, 0, 0),
(2001174, 0, 21541, 0, 0, 0),
(2001174, 0, 21542, 0, 0, 0),
(2001174, 0, 21543, 0, 0, 0),
(2001174, 0, 21544, 0, 0, 0),
(2001174, 0, 21833, 0, 0, 0),
(2001174, 0, 22206, 0, 0, 0),
(2001174, 0, 22276, 0, 0, 0),
(2001174, 0, 22277, 0, 0, 0),
(2001174, 0, 22278, 0, 0, 0),
(2001174, 0, 22279, 0, 0, 0),
(2001174, 0, 22280, 0, 0, 0),
(2001174, 0, 22282, 0, 0, 0),
(2001174, 0, 22302, 0, 0, 0),
(2001174, 0, 22512, 0, 0, 0),
(2001174, 0, 22513, 0, 0, 0),
(2001174, 0, 22514, 0, 0, 0),
(2001174, 0, 22515, 0, 0, 0),
(2001174, 0, 22516, 0, 0, 0),
(2001174, 0, 22517, 0, 0, 0),
(2001174, 0, 22518, 0, 0, 0),
(2001174, 0, 22519, 0, 0, 0),
(2001174, 0, 22691, 0, 0, 0),
(2001174, 0, 22718, 0, 0, 0),
(2001174, 0, 22742, 0, 0, 0),
(2001174, 0, 22743, 0, 0, 0),
(2001174, 0, 22744, 0, 0, 0),
(2001174, 0, 22745, 0, 0, 0),
(2001174, 0, 23323, 0, 0, 0),
(2001174, 0, 23324, 0, 0, 0),
(2001174, 0, 23505, 0, 0, 0),
(2001174, 0, 23829, 0, 0, 0),
(2001174, 0, 24689, 0, 0, 0),
(2001174, 0, 24753, 0, 0, 0),
(2001174, 0, 25232, 0, 0, 0),
(2001174, 0, 25404, 0, 0, 0),
(2001174, 0, 25681, 0, 0, 0),
(2001174, 0, 28315, 0, 0, 0),
(2001174, 0, 28392, 0, 0, 0),
(2001174, 0, 28772, 0, 0, 0),
(2001174, 0, 29175, 0, 0, 0),
(2001174, 0, 29948, 0, 0, 0),
(2001174, 0, 29993, 0, 0, 0),
(2001174, 0, 30053, 0, 0, 0),
(2001174, 0, 30055, 0, 0, 0),
(2001174, 0, 30079, 0, 0, 0),
(2001174, 0, 30085, 0, 0, 0),
(2001174, 0, 30097, 0, 0, 0),
(2001174, 0, 30111, 0, 0, 0),
(2001174, 0, 31318, 0, 0, 0),
(2001174, 0, 31331, 0, 0, 0),
(2001174, 0, 31336, 0, 0, 0),
(2001174, 0, 32236, 0, 0, 0),
(2001174, 0, 32273, 0, 0, 0),
(2001174, 0, 32338, 0, 0, 0),
(2001174, 0, 32517, 0, 0, 0),
(2001174, 0, 32944, 0, 0, 0),
(2001174, 0, 33292, 0, 0, 0),
(2001174, 0, 33862, 0, 0, 0),
(2001174, 0, 33863, 0, 0, 0),
(2001174, 0, 33864, 0, 0, 0),
(2001174, 0, 33868, 0, 0, 0),
(2001174, 0, 33966, 0, 0, 0),
(2001174, 0, 33967, 0, 0, 0),
(2001174, 0, 33968, 0, 0, 0),
(2001174, 0, 33969, 0, 0, 0),
(2001174, 0, 34086, 0, 0, 0),
(2001174, 0, 34087, 0, 0, 0),
(2001174, 0, 34661, 0, 0, 0),
(2001174, 0, 34683, 0, 0, 0),
(2001174, 0, 34685, 0, 0, 0),
(2001174, 0, 34826, 0, 0, 0),
(2001174, 0, 34828, 0, 0, 0),
(2001174, 0, 37934, 0, 0, 0),
(2001174, 0, 38506, 0, 0, 0),
(2001174, 0, 38659, 0, 0, 0),
(2001174, 0, 44788, 0, 0, 0),
(2001174, 0, 44803, 0, 0, 0),
(2001174, 0, 45073, 0, 0, 0),
(2001174, 0, 45854, 0, 0, 0),
(2001174, 0, 45861, 0, 0, 0),
(2001174, 0, 46349, 0, 0, 0),
(2001174, 0, 46723, 0, 0, 0),
(2001174, 0, 46800, 0, 0, 0),
(2001174, 0, 46824, 0, 0, 0),
(2001174, 0, 46860, 0, 0, 0),
(2001174, 0, 49126, 0, 0, 0),
(2001174, 0, 49128, 0, 0, 0),
(2001174, 0, 49715, 0, 0, 0),
(2001174, 0, 50741, 0, 0, 0);

REPLACE INTO `creature_template` (`entry`, `difficulty_entry_1`, `difficulty_entry_2`, `difficulty_entry_3`, `KillCredit1`, `KillCredit2`, `modelid1`, `modelid2`, `modelid3`, `modelid4`, `name`, `subname`, `IconName`, `gossip_menu_id`, `minlevel`, `maxlevel`, `exp`, `faction_A`, `faction_H`, `npcflag`, `speed_walk`, `speed_run`, `scale`, `rank`, `mindmg`, `maxdmg`, `dmgschool`, `attackpower`, `dmg_multiplier`, `baseattacktime`, `rangeattacktime`, `unit_class`, `unit_flags`, `dynamicflags`, `family`, `trainer_type`, `trainer_spell`, `trainer_class`, `trainer_race`, `minrangedmg`, `maxrangedmg`, `rangedattackpower`, `type`, `type_flags`, `lootid`, `pickpocketloot`, `skinloot`, `resistance1`, `resistance2`, `resistance3`, `resistance4`, `resistance5`, `resistance6`, `spell1`, `spell2`, `spell3`, `spell4`, `spell5`, `spell6`, `spell7`, `spell8`, `PetSpellDataId`, `VehicleId`, `mingold`, `maxgold`, `AIName`, `MovementType`, `InhabitType`, `Health_mod`, `Mana_mod`, `Armor_mod`, `RacialLeader`, `questItem1`, `questItem2`, `questItem3`, `questItem4`, `questItem5`, `questItem6`, `movementId`, `RegenHealth`, `mechanic_immune_mask`, `flags_extra`, `ScriptName`, `WDBVerified`) VALUES (500002, 0, 0, 0, 0, 0, 22931, 0, 0, 0, 'Arena Season 1', 'Item Sets', '', 0, 80, 80, 0, 35, 35, 4225, 1, 1.14286, 1, 3, 500, 5000, 0, 0, 1, 0, 0, 1, 0, 0, 0, 0, 0, 0, 0, 0, 0, 0, 0, 0, 0, 0, 0, 0, 0, 0, 0, 0, 0, 0, 0, 0, 0, 0, 0, 0, 0, 0, 0, 0, 0, '', 0, 3, 1, 1, 1, 0, 0, 0, 0, 0, 0, 0, 0, 1, 0, 0, 0, 0);
DELETE FROM `npc_vendor` WHERE (`entry`=500002);
INSERT INTO `npc_vendor` (`entry`, `slot`, `item`, `maxcount`, `incrtime`, `ExtendedCost`) VALUES 
(500002, 0, 24544, 0, 0, 0),
(500002, 0, 24545, 0, 0, 0),
(500002, 0, 24546, 0, 0, 0),
(500002, 0, 24547, 0, 0, 0),
(500002, 0, 24549, 0, 0, 0),
(500002, 0, 24552, 0, 0, 0),
(500002, 0, 24553, 0, 0, 0),
(500002, 0, 24554, 0, 0, 0),
(500002, 0, 24555, 0, 0, 0),
(500002, 0, 24556, 0, 0, 0),
(500002, 0, 25830, 0, 0, 0),
(500002, 0, 25831, 0, 0, 0),
(500002, 0, 25832, 0, 0, 0),
(500002, 0, 25833, 0, 0, 0),
(500002, 0, 25834, 0, 0, 0),
(500002, 0, 25854, 0, 0, 0),
(500002, 0, 25855, 0, 0, 0),
(500002, 0, 25856, 0, 0, 0),
(500002, 0, 25857, 0, 0, 0),
(500002, 0, 25858, 0, 0, 0),
(500002, 0, 25997, 0, 0, 0),
(500002, 0, 25998, 0, 0, 0),
(500002, 0, 25999, 0, 0, 0),
(500002, 0, 26000, 0, 0, 0),
(500002, 0, 26001, 0, 0, 0),
(500002, 0, 27469, 0, 0, 0),
(500002, 0, 27470, 0, 0, 0),
(500002, 0, 27471, 0, 0, 0),
(500002, 0, 27472, 0, 0, 0),
(500002, 0, 27473, 0, 0, 0),
(500002, 0, 27702, 0, 0, 0),
(500002, 0, 27703, 0, 0, 0),
(500002, 0, 27704, 0, 0, 0),
(500002, 0, 27705, 0, 0, 0),
(500002, 0, 27706, 0, 0, 0),
(500002, 0, 27707, 0, 0, 0),
(500002, 0, 27708, 0, 0, 0),
(500002, 0, 27709, 0, 0, 0),
(500002, 0, 27710, 0, 0, 0),
(500002, 0, 27711, 0, 0, 0),
(500002, 0, 27879, 0, 0, 0),
(500002, 0, 27880, 0, 0, 0),
(500002, 0, 27881, 0, 0, 0),
(500002, 0, 27882, 0, 0, 0),
(500002, 0, 27883, 0, 0, 0),
(500002, 0, 28126, 0, 0, 0),
(500002, 0, 28127, 0, 0, 0),
(500002, 0, 28128, 0, 0, 0),
(500002, 0, 28129, 0, 0, 0),
(500002, 0, 28130, 0, 0, 0),
(500002, 0, 28136, 0, 0, 0),
(500002, 0, 28137, 0, 0, 0),
(500002, 0, 28138, 0, 0, 0),
(500002, 0, 28139, 0, 0, 0),
(500002, 0, 28140, 0, 0, 0),
(500002, 0, 28331, 0, 0, 0),
(500002, 0, 28332, 0, 0, 0),
(500002, 0, 28333, 0, 0, 0),
(500002, 0, 28334, 0, 0, 0),
(500002, 0, 28335, 0, 0, 0),
(500002, 0, 30186, 0, 0, 0),
(500002, 0, 30187, 0, 0, 0),
(500002, 0, 30188, 0, 0, 0),
(500002, 0, 30200, 0, 0, 0),
(500002, 0, 30201, 0, 0, 0),
(500002, 0, 31375, 0, 0, 0),
(500002, 0, 31376, 0, 0, 0),
(500002, 0, 31377, 0, 0, 0),
(500002, 0, 31378, 0, 0, 0),
(500002, 0, 31379, 0, 0, 0),
(500002, 0, 31396, 0, 0, 0),
(500002, 0, 31397, 0, 0, 0),
(500002, 0, 31400, 0, 0, 0),
(500002, 0, 31406, 0, 0, 0),
(500002, 0, 31407, 0, 0, 0),
(500002, 0, 31409, 0, 0, 0),
(500002, 0, 31410, 0, 0, 0),
(500002, 0, 31411, 0, 0, 0),
(500002, 0, 31412, 0, 0, 0),
(500002, 0, 31413, 0, 0, 0),
(500002, 0, 31613, 0, 0, 0),
(500002, 0, 31614, 0, 0, 0),
(500002, 0, 31616, 0, 0, 0),
(500002, 0, 31618, 0, 0, 0),
(500002, 0, 31619, 0, 0, 0);

REPLACE INTO `creature_template` (`entry`, `difficulty_entry_1`, `difficulty_entry_2`, `difficulty_entry_3`, `KillCredit1`, `KillCredit2`, `modelid1`, `modelid2`, `modelid3`, `modelid4`, `name`, `subname`, `IconName`, `gossip_menu_id`, `minlevel`, `maxlevel`, `exp`, `faction_A`, `faction_H`, `npcflag`, `speed_walk`, `speed_run`, `scale`, `rank`, `mindmg`, `maxdmg`, `dmgschool`, `attackpower`, `dmg_multiplier`, `baseattacktime`, `rangeattacktime`, `unit_class`, `unit_flags`, `dynamicflags`, `family`, `trainer_type`, `trainer_spell`, `trainer_class`, `trainer_race`, `minrangedmg`, `maxrangedmg`, `rangedattackpower`, `type`, `type_flags`, `lootid`, `pickpocketloot`, `skinloot`, `resistance1`, `resistance2`, `resistance3`, `resistance4`, `resistance5`, `resistance6`, `spell1`, `spell2`, `spell3`, `spell4`, `spell5`, `spell6`, `spell7`, `spell8`, `PetSpellDataId`, `VehicleId`, `mingold`, `maxgold`, `AIName`, `MovementType`, `InhabitType`, `Health_mod`, `Mana_mod`, `Armor_mod`, `RacialLeader`, `questItem1`, `questItem2`, `questItem3`, `questItem4`, `questItem5`, `questItem6`, `movementId`, `RegenHealth`, `mechanic_immune_mask`, `flags_extra`, `ScriptName`, `WDBVerified`) VALUES (500003, 0, 0, 0, 0, 0, 22931, 0, 0, 0, 'Arena Season 2', 'Item Sets', '', 0, 80, 80, 0, 35, 35, 4225, 1, 1.14286, 1, 3, 500, 5000, 0, 0, 1, 0, 0, 1, 0, 0, 0, 0, 0, 0, 0, 0, 0, 0, 0, 0, 0, 0, 0, 0, 0, 0, 0, 0, 0, 0, 0, 0, 0, 0, 0, 0, 0, 0, 0, 0, 0, '', 0, 3, 1, 1, 1, 0, 0, 0, 0, 0, 0, 0, 0, 1, 0, 0, 0, 0);
DELETE FROM `npc_vendor` WHERE (`entry`=500003);
INSERT INTO `npc_vendor` (`entry`, `slot`, `item`, `maxcount`, `incrtime`, `ExtendedCost`) VALUES 
(500003, 0, 30486, 0, 0, 0),
(500003, 0, 30487, 0, 0, 0),
(500003, 0, 30488, 0, 0, 0),
(500003, 0, 30489, 0, 0, 0),
(500003, 0, 30490, 0, 0, 0),
(500003, 0, 31960, 0, 0, 0),
(500003, 0, 31961, 0, 0, 0),
(500003, 0, 31962, 0, 0, 0),
(500003, 0, 31963, 0, 0, 0),
(500003, 0, 31964, 0, 0, 0),
(500003, 0, 31967, 0, 0, 0),
(500003, 0, 31968, 0, 0, 0),
(500003, 0, 31969, 0, 0, 0),
(500003, 0, 31971, 0, 0, 0),
(500003, 0, 31972, 0, 0, 0),
(500003, 0, 31973, 0, 0, 0),
(500003, 0, 31974, 0, 0, 0),
(500003, 0, 31975, 0, 0, 0),
(500003, 0, 31976, 0, 0, 0),
(500003, 0, 31977, 0, 0, 0),
(500003, 0, 31979, 0, 0, 0),
(500003, 0, 31980, 0, 0, 0),
(500003, 0, 31981, 0, 0, 0),
(500003, 0, 31982, 0, 0, 0),
(500003, 0, 31983, 0, 0, 0),
(500003, 0, 31987, 0, 0, 0),
(500003, 0, 31988, 0, 0, 0),
(500003, 0, 31989, 0, 0, 0),
(500003, 0, 31990, 0, 0, 0),
(500003, 0, 31991, 0, 0, 0),
(500003, 0, 31992, 0, 0, 0),
(500003, 0, 31993, 0, 0, 0),
(500003, 0, 31995, 0, 0, 0),
(500003, 0, 31996, 0, 0, 0),
(500003, 0, 31997, 0, 0, 0),
(500003, 0, 31998, 0, 0, 0),
(500003, 0, 31999, 0, 0, 0),
(500003, 0, 32000, 0, 0, 0),
(500003, 0, 32001, 0, 0, 0),
(500003, 0, 32002, 0, 0, 0),
(500003, 0, 32004, 0, 0, 0),
(500003, 0, 32005, 0, 0, 0),
(500003, 0, 32006, 0, 0, 0),
(500003, 0, 32007, 0, 0, 0),
(500003, 0, 32008, 0, 0, 0),
(500003, 0, 32009, 0, 0, 0),
(500003, 0, 32010, 0, 0, 0),
(500003, 0, 32011, 0, 0, 0),
(500003, 0, 32012, 0, 0, 0),
(500003, 0, 32013, 0, 0, 0),
(500003, 0, 32015, 0, 0, 0),
(500003, 0, 32016, 0, 0, 0),
(500003, 0, 32017, 0, 0, 0),
(500003, 0, 32018, 0, 0, 0),
(500003, 0, 32019, 0, 0, 0),
(500003, 0, 32020, 0, 0, 0),
(500003, 0, 32021, 0, 0, 0),
(500003, 0, 32022, 0, 0, 0),
(500003, 0, 32023, 0, 0, 0),
(500003, 0, 32024, 0, 0, 0),
(500003, 0, 32029, 0, 0, 0),
(500003, 0, 32030, 0, 0, 0),
(500003, 0, 32031, 0, 0, 0),
(500003, 0, 32032, 0, 0, 0),
(500003, 0, 32033, 0, 0, 0),
(500003, 0, 32034, 0, 0, 0),
(500003, 0, 32035, 0, 0, 0),
(500003, 0, 32036, 0, 0, 0),
(500003, 0, 32037, 0, 0, 0),
(500003, 0, 32038, 0, 0, 0),
(500003, 0, 32039, 0, 0, 0),
(500003, 0, 32040, 0, 0, 0),
(500003, 0, 32041, 0, 0, 0),
(500003, 0, 32042, 0, 0, 0),
(500003, 0, 32043, 0, 0, 0),
(500003, 0, 32047, 0, 0, 0),
(500003, 0, 32048, 0, 0, 0),
(500003, 0, 32049, 0, 0, 0),
(500003, 0, 32050, 0, 0, 0),
(500003, 0, 32051, 0, 0, 0),
(500003, 0, 32056, 0, 0, 0),
(500003, 0, 32057, 0, 0, 0),
(500003, 0, 32058, 0, 0, 0),
(500003, 0, 32059, 0, 0, 0),
(500003, 0, 32060, 0, 0, 0);

REPLACE INTO `creature_template` (`entry`, `difficulty_entry_1`, `difficulty_entry_2`, `difficulty_entry_3`, `KillCredit1`, `KillCredit2`, `modelid1`, `modelid2`, `modelid3`, `modelid4`, `name`, `subname`, `IconName`, `gossip_menu_id`, `minlevel`, `maxlevel`, `exp`, `faction_A`, `faction_H`, `npcflag`, `speed_walk`, `speed_run`, `scale`, `rank`, `mindmg`, `maxdmg`, `dmgschool`, `attackpower`, `dmg_multiplier`, `baseattacktime`, `rangeattacktime`, `unit_class`, `unit_flags`, `dynamicflags`, `family`, `trainer_type`, `trainer_spell`, `trainer_class`, `trainer_race`, `minrangedmg`, `maxrangedmg`, `rangedattackpower`, `type`, `type_flags`, `lootid`, `pickpocketloot`, `skinloot`, `resistance1`, `resistance2`, `resistance3`, `resistance4`, `resistance5`, `resistance6`, `spell1`, `spell2`, `spell3`, `spell4`, `spell5`, `spell6`, `spell7`, `spell8`, `PetSpellDataId`, `VehicleId`, `mingold`, `maxgold`, `AIName`, `MovementType`, `InhabitType`, `Health_mod`, `Mana_mod`, `Armor_mod`, `RacialLeader`, `questItem1`, `questItem2`, `questItem3`, `questItem4`, `questItem5`, `questItem6`, `movementId`, `RegenHealth`, `mechanic_immune_mask`, `flags_extra`, `ScriptName`, `WDBVerified`) VALUES (500004, 0, 0, 0, 0, 0, 22931, 0, 0, 0, 'Arena Season 3', 'Item Sets', '', 0, 80, 80, 0, 35, 35, 4225, 1, 1.14286, 1, 3, 500, 5000, 0, 0, 1, 0, 0, 1, 0, 0, 0, 0, 0, 0, 0, 0, 0, 0, 0, 0, 0, 0, 0, 0, 0, 0, 0, 0, 0, 0, 0, 0, 0, 0, 0, 0, 0, 0, 0, 0, 0, '', 0, 3, 1, 1, 1, 0, 0, 0, 0, 0, 0, 0, 0, 1, 0, 0, 0, 0);
DELETE FROM `npc_vendor` WHERE (`entry`=500004);
INSERT INTO `npc_vendor` (`entry`, `slot`, `item`, `maxcount`, `incrtime`, `ExtendedCost`) VALUES 
(500004, 0, 33664, 0, 0, 0),
(500004, 0, 33665, 0, 0, 0),
(500004, 0, 33666, 0, 0, 0),
(500004, 0, 33667, 0, 0, 0),
(500004, 0, 33668, 0, 0, 0),
(500004, 0, 33671, 0, 0, 0),
(500004, 0, 33672, 0, 0, 0),
(500004, 0, 33673, 0, 0, 0),
(500004, 0, 33674, 0, 0, 0),
(500004, 0, 33675, 0, 0, 0),
(500004, 0, 33676, 0, 0, 0),
(500004, 0, 33677, 0, 0, 0),
(500004, 0, 33678, 0, 0, 0),
(500004, 0, 33679, 0, 0, 0),
(500004, 0, 33680, 0, 0, 0),
(500004, 0, 33682, 0, 0, 0),
(500004, 0, 33683, 0, 0, 0),
(500004, 0, 33684, 0, 0, 0),
(500004, 0, 33685, 0, 0, 0),
(500004, 0, 33686, 0, 0, 0),
(500004, 0, 33690, 0, 0, 0),
(500004, 0, 33691, 0, 0, 0),
(500004, 0, 33692, 0, 0, 0),
(500004, 0, 33693, 0, 0, 0),
(500004, 0, 33694, 0, 0, 0),
(500004, 0, 33695, 0, 0, 0),
(500004, 0, 33696, 0, 0, 0),
(500004, 0, 33697, 0, 0, 0),
(500004, 0, 33698, 0, 0, 0),
(500004, 0, 33699, 0, 0, 0),
(500004, 0, 33700, 0, 0, 0),
(500004, 0, 33701, 0, 0, 0),
(500004, 0, 33702, 0, 0, 0),
(500004, 0, 33703, 0, 0, 0),
(500004, 0, 33704, 0, 0, 0),
(500004, 0, 33706, 0, 0, 0),
(500004, 0, 33707, 0, 0, 0),
(500004, 0, 33708, 0, 0, 0),
(500004, 0, 33709, 0, 0, 0),
(500004, 0, 33710, 0, 0, 0),
(500004, 0, 33711, 0, 0, 0),
(500004, 0, 33712, 0, 0, 0),
(500004, 0, 33713, 0, 0, 0),
(500004, 0, 33714, 0, 0, 0),
(500004, 0, 33715, 0, 0, 0),
(500004, 0, 33717, 0, 0, 0),
(500004, 0, 33718, 0, 0, 0),
(500004, 0, 33719, 0, 0, 0),
(500004, 0, 33720, 0, 0, 0),
(500004, 0, 33721, 0, 0, 0),
(500004, 0, 33722, 0, 0, 0),
(500004, 0, 33723, 0, 0, 0),
(500004, 0, 33724, 0, 0, 0),
(500004, 0, 33725, 0, 0, 0),
(500004, 0, 33726, 0, 0, 0),
(500004, 0, 33728, 0, 0, 0),
(500004, 0, 33729, 0, 0, 0),
(500004, 0, 33730, 0, 0, 0),
(500004, 0, 33731, 0, 0, 0),
(500004, 0, 33732, 0, 0, 0),
(500004, 0, 33738, 0, 0, 0),
(500004, 0, 33739, 0, 0, 0),
(500004, 0, 33740, 0, 0, 0),
(500004, 0, 33741, 0, 0, 0),
(500004, 0, 33742, 0, 0, 0),
(500004, 0, 33744, 0, 0, 0),
(500004, 0, 33745, 0, 0, 0),
(500004, 0, 33746, 0, 0, 0),
(500004, 0, 33747, 0, 0, 0),
(500004, 0, 33748, 0, 0, 0),
(500004, 0, 33749, 0, 0, 0),
(500004, 0, 33750, 0, 0, 0),
(500004, 0, 33751, 0, 0, 0),
(500004, 0, 33752, 0, 0, 0),
(500004, 0, 33753, 0, 0, 0),
(500004, 0, 33757, 0, 0, 0),
(500004, 0, 33758, 0, 0, 0),
(500004, 0, 33759, 0, 0, 0),
(500004, 0, 33760, 0, 0, 0),
(500004, 0, 33761, 0, 0, 0),
(500004, 0, 33767, 0, 0, 0),
(500004, 0, 33768, 0, 0, 0),
(500004, 0, 33769, 0, 0, 0),
(500004, 0, 33770, 0, 0, 0),
(500004, 0, 33771, 0, 0, 0);

REPLACE INTO `creature_template` (`entry`, `difficulty_entry_1`, `difficulty_entry_2`, `difficulty_entry_3`, `KillCredit1`, `KillCredit2`, `modelid1`, `modelid2`, `modelid3`, `modelid4`, `name`, `subname`, `IconName`, `gossip_menu_id`, `minlevel`, `maxlevel`, `exp`, `faction_A`, `faction_H`, `npcflag`, `speed_walk`, `speed_run`, `scale`, `rank`, `mindmg`, `maxdmg`, `dmgschool`, `attackpower`, `dmg_multiplier`, `baseattacktime`, `rangeattacktime`, `unit_class`, `unit_flags`, `dynamicflags`, `family`, `trainer_type`, `trainer_spell`, `trainer_class`, `trainer_race`, `minrangedmg`, `maxrangedmg`, `rangedattackpower`, `type`, `type_flags`, `lootid`, `pickpocketloot`, `skinloot`, `resistance1`, `resistance2`, `resistance3`, `resistance4`, `resistance5`, `resistance6`, `spell1`, `spell2`, `spell3`, `spell4`, `spell5`, `spell6`, `spell7`, `spell8`, `PetSpellDataId`, `VehicleId`, `mingold`, `maxgold`, `AIName`, `MovementType`, `InhabitType`, `Health_mod`, `Mana_mod`, `Armor_mod`, `RacialLeader`, `questItem1`, `questItem2`, `questItem3`, `questItem4`, `questItem5`, `questItem6`, `movementId`, `RegenHealth`, `mechanic_immune_mask`, `flags_extra`, `ScriptName`, `WDBVerified`) VALUES (500005, 0, 0, 0, 0, 0, 22931, 0, 0, 0, 'Arena Season 4', 'Item Sets', '', 0, 80, 80, 0, 35, 35, 4225, 1, 1.14286, 1, 3, 500, 5000, 0, 0, 1, 0, 0, 1, 0, 0, 0, 0, 0, 0, 0, 0, 0, 0, 0, 0, 0, 0, 0, 0, 0, 0, 0, 0, 0, 0, 0, 0, 0, 0, 0, 0, 0, 0, 0, 0, 0, '', 0, 3, 1, 1, 1, 0, 0, 0, 0, 0, 0, 0, 0, 1, 0, 0, 0, 0);
DELETE FROM `npc_vendor` WHERE (`entry`=500005);
INSERT INTO `npc_vendor` (`entry`, `slot`, `item`, `maxcount`, `incrtime`, `ExtendedCost`) VALUES 
(500005, 0, 34990, 0, 0, 0),
(500005, 0, 34991, 0, 0, 0),
(500005, 0, 34992, 0, 0, 0),
(500005, 0, 34993, 0, 0, 0),
(500005, 0, 34994, 0, 0, 0),
(500005, 0, 34998, 0, 0, 0),
(500005, 0, 34999, 0, 0, 0),
(500005, 0, 35000, 0, 0, 0),
(500005, 0, 35001, 0, 0, 0),
(500005, 0, 35002, 0, 0, 0),
(500005, 0, 35003, 0, 0, 0),
(500005, 0, 35004, 0, 0, 0),
(500005, 0, 35005, 0, 0, 0),
(500005, 0, 35006, 0, 0, 0),
(500005, 0, 35007, 0, 0, 0),
(500005, 0, 35009, 0, 0, 0),
(500005, 0, 35010, 0, 0, 0),
(500005, 0, 35011, 0, 0, 0),
(500005, 0, 35012, 0, 0, 0),
(500005, 0, 35013, 0, 0, 0),
(500005, 0, 35022, 0, 0, 0),
(500005, 0, 35023, 0, 0, 0),
(500005, 0, 35024, 0, 0, 0),
(500005, 0, 35025, 0, 0, 0),
(500005, 0, 35026, 0, 0, 0),
(500005, 0, 35027, 0, 0, 0),
(500005, 0, 35028, 0, 0, 0),
(500005, 0, 35029, 0, 0, 0),
(500005, 0, 35030, 0, 0, 0),
(500005, 0, 35031, 0, 0, 0),
(500005, 0, 35032, 0, 0, 0),
(500005, 0, 35033, 0, 0, 0),
(500005, 0, 35034, 0, 0, 0),
(500005, 0, 35035, 0, 0, 0),
(500005, 0, 35036, 0, 0, 0),
(500005, 0, 35042, 0, 0, 0),
(500005, 0, 35043, 0, 0, 0),
(500005, 0, 35044, 0, 0, 0),
(500005, 0, 35045, 0, 0, 0),
(500005, 0, 35046, 0, 0, 0),
(500005, 0, 35048, 0, 0, 0),
(500005, 0, 35049, 0, 0, 0),
(500005, 0, 35050, 0, 0, 0),
(500005, 0, 35051, 0, 0, 0),
(500005, 0, 35052, 0, 0, 0),
(500005, 0, 35053, 0, 0, 0),
(500005, 0, 35054, 0, 0, 0),
(500005, 0, 35055, 0, 0, 0),
(500005, 0, 35056, 0, 0, 0),
(500005, 0, 35057, 0, 0, 0),
(500005, 0, 35059, 0, 0, 0),
(500005, 0, 35060, 0, 0, 0),
(500005, 0, 35061, 0, 0, 0),
(500005, 0, 35062, 0, 0, 0),
(500005, 0, 35063, 0, 0, 0),
(500005, 0, 35066, 0, 0, 0),
(500005, 0, 35067, 0, 0, 0),
(500005, 0, 35068, 0, 0, 0),
(500005, 0, 35069, 0, 0, 0),
(500005, 0, 35070, 0, 0, 0),
(500005, 0, 35077, 0, 0, 0),
(500005, 0, 35078, 0, 0, 0),
(500005, 0, 35079, 0, 0, 0),
(500005, 0, 35080, 0, 0, 0),
(500005, 0, 35081, 0, 0, 0),
(500005, 0, 35083, 0, 0, 0),
(500005, 0, 35084, 0, 0, 0),
(500005, 0, 35085, 0, 0, 0),
(500005, 0, 35086, 0, 0, 0),
(500005, 0, 35087, 0, 0, 0),
(500005, 0, 35088, 0, 0, 0),
(500005, 0, 35089, 0, 0, 0),
(500005, 0, 35090, 0, 0, 0),
(500005, 0, 35091, 0, 0, 0),
(500005, 0, 35092, 0, 0, 0),
(500005, 0, 35096, 0, 0, 0),
(500005, 0, 35097, 0, 0, 0),
(500005, 0, 35098, 0, 0, 0),
(500005, 0, 35099, 0, 0, 0),
(500005, 0, 35100, 0, 0, 0),
(500005, 0, 35111, 0, 0, 0),
(500005, 0, 35112, 0, 0, 0),
(500005, 0, 35113, 0, 0, 0),
(500005, 0, 35114, 0, 0, 0),
(500005, 0, 35115, 0, 0, 0);

REPLACE INTO `creature_template` (`entry`, `difficulty_entry_1`, `difficulty_entry_2`, `difficulty_entry_3`, `KillCredit1`, `KillCredit2`, `modelid1`, `modelid2`, `modelid3`, `modelid4`, `name`, `subname`, `IconName`, `gossip_menu_id`, `minlevel`, `maxlevel`, `exp`, `faction_A`, `faction_H`, `npcflag`, `speed_walk`, `speed_run`, `scale`, `rank`, `mindmg`, `maxdmg`, `dmgschool`, `attackpower`, `dmg_multiplier`, `baseattacktime`, `rangeattacktime`, `unit_class`, `unit_flags`, `dynamicflags`, `family`, `trainer_type`, `trainer_spell`, `trainer_class`, `trainer_race`, `minrangedmg`, `maxrangedmg`, `rangedattackpower`, `type`, `type_flags`, `lootid`, `pickpocketloot`, `skinloot`, `resistance1`, `resistance2`, `resistance3`, `resistance4`, `resistance5`, `resistance6`, `spell1`, `spell2`, `spell3`, `spell4`, `spell5`, `spell6`, `spell7`, `spell8`, `PetSpellDataId`, `VehicleId`, `mingold`, `maxgold`, `AIName`, `MovementType`, `InhabitType`, `Health_mod`, `Mana_mod`, `Armor_mod`, `RacialLeader`, `questItem1`, `questItem2`, `questItem3`, `questItem4`, `questItem5`, `questItem6`, `movementId`, `RegenHealth`, `mechanic_immune_mask`, `flags_extra`, `ScriptName`, `WDBVerified`) VALUES (500006, 0, 0, 0, 0, 0, 22931, 0, 0, 0, 'Arena Season 5 (Deadly Gladiator)', 'Item Sets', '', 0, 80, 80, 0, 35, 35, 4225, 1, 1.14286, 1, 3, 500, 5000, 0, 0, 1, 0, 0, 1, 0, 0, 0, 0, 0, 0, 0, 0, 0, 0, 0, 0, 0, 0, 0, 0, 0, 0, 0, 0, 0, 0, 0, 0, 0, 0, 0, 0, 0, 0, 0, 0, 0, '', 0, 3, 1, 1, 1, 0, 0, 0, 0, 0, 0, 0, 0, 1, 0, 0, 0, 0);
DELETE FROM `npc_vendor` WHERE (`entry`=500006);
INSERT INTO `npc_vendor` (`entry`, `slot`, `item`, `maxcount`, `incrtime`, `ExtendedCost`) VALUES 
(500006, 0, 40784, 0, 0, 0),
(500006, 0, 40785, 0, 0, 0),
(500006, 0, 40786, 0, 0, 0),
(500006, 0, 40804, 0, 0, 0),
(500006, 0, 40805, 0, 0, 0),
(500006, 0, 40806, 0, 0, 0),
(500006, 0, 40823, 0, 0, 0),
(500006, 0, 40824, 0, 0, 0),
(500006, 0, 40825, 0, 0, 0),
(500006, 0, 40844, 0, 0, 0),
(500006, 0, 40845, 0, 0, 0),
(500006, 0, 40846, 0, 0, 0),
(500006, 0, 40862, 0, 0, 0),
(500006, 0, 40863, 0, 0, 0),
(500006, 0, 40864, 0, 0, 0),
(500006, 0, 40905, 0, 0, 0),
(500006, 0, 40926, 0, 0, 0),
(500006, 0, 40932, 0, 0, 0),
(500006, 0, 40938, 0, 0, 0),
(500006, 0, 40962, 0, 0, 0),
(500006, 0, 40990, 0, 0, 0),
(500006, 0, 40991, 0, 0, 0),
(500006, 0, 41000, 0, 0, 0),
(500006, 0, 41006, 0, 0, 0),
(500006, 0, 41012, 0, 0, 0),
(500006, 0, 41018, 0, 0, 0),
(500006, 0, 41026, 0, 0, 0),
(500006, 0, 41032, 0, 0, 0),
(500006, 0, 41037, 0, 0, 0),
(500006, 0, 41043, 0, 0, 0),
(500006, 0, 41080, 0, 0, 0),
(500006, 0, 41086, 0, 0, 0),
(500006, 0, 41136, 0, 0, 0),
(500006, 0, 41142, 0, 0, 0),
(500006, 0, 41150, 0, 0, 0),
(500006, 0, 41156, 0, 0, 0),
(500006, 0, 41198, 0, 0, 0),
(500006, 0, 41204, 0, 0, 0),
(500006, 0, 41210, 0, 0, 0),
(500006, 0, 41216, 0, 0, 0),
(500006, 0, 41274, 0, 0, 0),
(500006, 0, 41280, 0, 0, 0),
(500006, 0, 41286, 0, 0, 0),
(500006, 0, 41292, 0, 0, 0),
(500006, 0, 41297, 0, 0, 0),
(500006, 0, 41303, 0, 0, 0),
(500006, 0, 41309, 0, 0, 0),
(500006, 0, 41315, 0, 0, 0),
(500006, 0, 41320, 0, 0, 0),
(500006, 0, 41326, 0, 0, 0),
(500006, 0, 41649, 0, 0, 0),
(500006, 0, 41654, 0, 0, 0),
(500006, 0, 41660, 0, 0, 0),
(500006, 0, 41666, 0, 0, 0),
(500006, 0, 41671, 0, 0, 0),
(500006, 0, 41677, 0, 0, 0),
(500006, 0, 41682, 0, 0, 0),
(500006, 0, 41714, 0, 0, 0),
(500006, 0, 41766, 0, 0, 0),
(500006, 0, 41772, 0, 0, 0),
(500006, 0, 41853, 0, 0, 0),
(500006, 0, 41858, 0, 0, 0),
(500006, 0, 41863, 0, 0, 0),
(500006, 0, 41868, 0, 0, 0),
(500006, 0, 41873, 0, 0, 0),
(500006, 0, 41914, 0, 0, 0),
(500006, 0, 41920, 0, 0, 0),
(500006, 0, 41926, 0, 0, 0),
(500006, 0, 41933, 0, 0, 0),
(500006, 0, 41939, 0, 0, 0),
(500006, 0, 41945, 0, 0, 0),
(500006, 0, 41951, 0, 0, 0),
(500006, 0, 41958, 0, 0, 0),
(500006, 0, 41964, 0, 0, 0),
(500006, 0, 41970, 0, 0, 0),
(500006, 0, 41992, 0, 0, 0),
(500006, 0, 41997, 0, 0, 0),
(500006, 0, 42004, 0, 0, 0),
(500006, 0, 42010, 0, 0, 0),
(500006, 0, 42016, 0, 0, 0);
REPLACE INTO `creature_template` (`entry`, `difficulty_entry_1`, `difficulty_entry_2`, `difficulty_entry_3`, `KillCredit1`, `KillCredit2`, `modelid1`, `modelid2`, `modelid3`, `modelid4`, `name`, `subname`, `IconName`, `gossip_menu_id`, `minlevel`, `maxlevel`, `exp`, `faction_A`, `faction_H`, `npcflag`, `speed_walk`, `speed_run`, `scale`, `rank`, `mindmg`, `maxdmg`, `dmgschool`, `attackpower`, `dmg_multiplier`, `baseattacktime`, `rangeattacktime`, `unit_class`, `unit_flags`, `dynamicflags`, `family`, `trainer_type`, `trainer_spell`, `trainer_class`, `trainer_race`, `minrangedmg`, `maxrangedmg`, `rangedattackpower`, `type`, `type_flags`, `lootid`, `pickpocketloot`, `skinloot`, `resistance1`, `resistance2`, `resistance3`, `resistance4`, `resistance5`, `resistance6`, `spell1`, `spell2`, `spell3`, `spell4`, `spell5`, `spell6`, `spell7`, `spell8`, `PetSpellDataId`, `VehicleId`, `mingold`, `maxgold`, `AIName`, `MovementType`, `InhabitType`, `Health_mod`, `Mana_mod`, `Armor_mod`, `RacialLeader`, `questItem1`, `questItem2`, `questItem3`, `questItem4`, `questItem5`, `questItem6`, `movementId`, `RegenHealth`, `mechanic_immune_mask`, `flags_extra`, `ScriptName`, `WDBVerified`) VALUES (500007, 0, 0, 0, 0, 0, 22931, 0, 0, 0, 'Arena Season 5 (Hateful Gladiator)', 'Item Sets', '', 0, 80, 80, 0, 35, 35, 4225, 1, 1.14286, 1, 3, 500, 5000, 0, 0, 1, 0, 0, 1, 0, 0, 0, 0, 0, 0, 0, 0, 0, 0, 0, 0, 0, 0, 0, 0, 0, 0, 0, 0, 0, 0, 0, 0, 0, 0, 0, 0, 0, 0, 0, 0, 0, '', 0, 3, 1, 1, 1, 0, 0, 0, 0, 0, 0, 0, 0, 1, 0, 0, 0, 0);
DELETE FROM `npc_vendor` WHERE (`entry`=500007);
INSERT INTO `npc_vendor` (`entry`, `slot`, `item`, `maxcount`, `incrtime`, `ExtendedCost`) VALUES 
(500007, 0, 40781, 0, 0, 0),
(500007, 0, 40782, 0, 0, 0),
(500007, 0, 40783, 0, 0, 0),
(500007, 0, 40801, 0, 0, 0),
(500007, 0, 40802, 0, 0, 0),
(500007, 0, 40803, 0, 0, 0),
(500007, 0, 40819, 0, 0, 0),
(500007, 0, 40820, 0, 0, 0),
(500007, 0, 40821, 0, 0, 0),
(500007, 0, 40840, 0, 0, 0),
(500007, 0, 40841, 0, 0, 0),
(500007, 0, 40842, 0, 0, 0),
(500007, 0, 40859, 0, 0, 0),
(500007, 0, 40860, 0, 0, 0),
(500007, 0, 40861, 0, 0, 0),
(500007, 0, 40904, 0, 0, 0),
(500007, 0, 40925, 0, 0, 0),
(500007, 0, 40931, 0, 0, 0),
(500007, 0, 40937, 0, 0, 0),
(500007, 0, 40961, 0, 0, 0),
(500007, 0, 40988, 0, 0, 0),
(500007, 0, 40989, 0, 0, 0),
(500007, 0, 40999, 0, 0, 0),
(500007, 0, 41005, 0, 0, 0),
(500007, 0, 41011, 0, 0, 0),
(500007, 0, 41017, 0, 0, 0),
(500007, 0, 41025, 0, 0, 0),
(500007, 0, 41031, 0, 0, 0),
(500007, 0, 41036, 0, 0, 0),
(500007, 0, 41042, 0, 0, 0),
(500007, 0, 41079, 0, 0, 0),
(500007, 0, 41085, 0, 0, 0),
(500007, 0, 41135, 0, 0, 0),
(500007, 0, 41141, 0, 0, 0),
(500007, 0, 41149, 0, 0, 0),
(500007, 0, 41155, 0, 0, 0),
(500007, 0, 41162, 0, 0, 0),
(500007, 0, 41203, 0, 0, 0),
(500007, 0, 41209, 0, 0, 0),
(500007, 0, 41215, 0, 0, 0),
(500007, 0, 41273, 0, 0, 0),
(500007, 0, 41279, 0, 0, 0),
(500007, 0, 41284, 0, 0, 0),
(500007, 0, 41291, 0, 0, 0),
(500007, 0, 41296, 0, 0, 0),
(500007, 0, 41302, 0, 0, 0),
(500007, 0, 41308, 0, 0, 0),
(500007, 0, 41314, 0, 0, 0),
(500007, 0, 41319, 0, 0, 0),
(500007, 0, 41325, 0, 0, 0),
(500007, 0, 41648, 0, 0, 0),
(500007, 0, 41653, 0, 0, 0),
(500007, 0, 41659, 0, 0, 0),
(500007, 0, 41665, 0, 0, 0),
(500007, 0, 41670, 0, 0, 0),
(500007, 0, 41676, 0, 0, 0),
(500007, 0, 41681, 0, 0, 0),
(500007, 0, 41713, 0, 0, 0),
(500007, 0, 41765, 0, 0, 0),
(500007, 0, 41771, 0, 0, 0),
(500007, 0, 41852, 0, 0, 0),
(500007, 0, 41857, 0, 0, 0),
(500007, 0, 41862, 0, 0, 0),
(500007, 0, 41867, 0, 0, 0),
(500007, 0, 41872, 0, 0, 0),
(500007, 0, 41913, 0, 0, 0),
(500007, 0, 41919, 0, 0, 0),
(500007, 0, 41925, 0, 0, 0),
(500007, 0, 41931, 0, 0, 0),
(500007, 0, 41938, 0, 0, 0),
(500007, 0, 41944, 0, 0, 0),
(500007, 0, 41950, 0, 0, 0),
(500007, 0, 41957, 0, 0, 0),
(500007, 0, 41963, 0, 0, 0),
(500007, 0, 41969, 0, 0, 0),
(500007, 0, 41991, 0, 0, 0),
(500007, 0, 42001, 0, 0, 0),
(500007, 0, 42003, 0, 0, 0),
(500007, 0, 42009, 0, 0, 0),
(500007, 0, 42015, 0, 0, 0);
REPLACE INTO `creature_template` (`entry`, `difficulty_entry_1`, `difficulty_entry_2`, `difficulty_entry_3`, `KillCredit1`, `KillCredit2`, `modelid1`, `modelid2`, `modelid3`, `modelid4`, `name`, `subname`, `IconName`, `gossip_menu_id`, `minlevel`, `maxlevel`, `exp`, `faction_A`, `faction_H`, `npcflag`, `speed_walk`, `speed_run`, `scale`, `rank`, `mindmg`, `maxdmg`, `dmgschool`, `attackpower`, `dmg_multiplier`, `baseattacktime`, `rangeattacktime`, `unit_class`, `unit_flags`, `dynamicflags`, `family`, `trainer_type`, `trainer_spell`, `trainer_class`, `trainer_race`, `minrangedmg`, `maxrangedmg`, `rangedattackpower`, `type`, `type_flags`, `lootid`, `pickpocketloot`, `skinloot`, `resistance1`, `resistance2`, `resistance3`, `resistance4`, `resistance5`, `resistance6`, `spell1`, `spell2`, `spell3`, `spell4`, `spell5`, `spell6`, `spell7`, `spell8`, `PetSpellDataId`, `VehicleId`, `mingold`, `maxgold`, `AIName`, `MovementType`, `InhabitType`, `Health_mod`, `Mana_mod`, `Armor_mod`, `RacialLeader`, `questItem1`, `questItem2`, `questItem3`, `questItem4`, `questItem5`, `questItem6`, `movementId`, `RegenHealth`, `mechanic_immune_mask`, `flags_extra`, `ScriptName`, `WDBVerified`) VALUES (500008, 0, 0, 0, 0, 0, 22931, 0, 0, 0, 'Arena Season 5 (Savage Gladiator)', 'Item Sets', '', 0, 80, 80, 0, 35, 35, 4225, 1, 1.14286, 1, 3, 500, 5000, 0, 0, 1, 0, 0, 1, 0, 0, 0, 0, 0, 0, 0, 0, 0, 0, 0, 0, 0, 0, 0, 0, 0, 0, 0, 0, 0, 0, 0, 0, 0, 0, 0, 0, 0, 0, 0, 0, 0, '', 0, 3, 1, 1, 1, 0, 0, 0, 0, 0, 0, 0, 0, 1, 0, 0, 0, 0);
DELETE FROM `npc_vendor` WHERE (`entry`=500008);
INSERT INTO `npc_vendor` (`entry`, `slot`, `item`, `maxcount`, `incrtime`, `ExtendedCost`) VALUES 
(500008, 0, 40778, 0, 0, 0),
(500008, 0, 40779, 0, 0, 0),
(500008, 0, 40780, 0, 0, 0),
(500008, 0, 40797, 0, 0, 0),
(500008, 0, 40798, 0, 0, 0),
(500008, 0, 40799, 0, 0, 0),
(500008, 0, 40816, 0, 0, 0),
(500008, 0, 40817, 0, 0, 0),
(500008, 0, 40818, 0, 0, 0),
(500008, 0, 40836, 0, 0, 0),
(500008, 0, 40837, 0, 0, 0),
(500008, 0, 40838, 0, 0, 0),
(500008, 0, 40856, 0, 0, 0),
(500008, 0, 40857, 0, 0, 0),
(500008, 0, 40858, 0, 0, 0),
(500008, 0, 40898, 0, 0, 0),
(500008, 0, 40918, 0, 0, 0),
(500008, 0, 40930, 0, 0, 0),
(500008, 0, 40936, 0, 0, 0),
(500008, 0, 40960, 0, 0, 0),
(500008, 0, 40986, 0, 0, 0),
(500008, 0, 40987, 0, 0, 0),
(500008, 0, 40998, 0, 0, 0),
(500008, 0, 41004, 0, 0, 0),
(500008, 0, 41010, 0, 0, 0),
(500008, 0, 41016, 0, 0, 0),
(500008, 0, 41023, 0, 0, 0),
(500008, 0, 41024, 0, 0, 0),
(500008, 0, 41030, 0, 0, 0),
(500008, 0, 41041, 0, 0, 0),
(500008, 0, 41078, 0, 0, 0),
(500008, 0, 41084, 0, 0, 0),
(500008, 0, 41134, 0, 0, 0),
(500008, 0, 41140, 0, 0, 0),
(500008, 0, 41148, 0, 0, 0),
(500008, 0, 41154, 0, 0, 0),
(500008, 0, 41160, 0, 0, 0),
(500008, 0, 41202, 0, 0, 0),
(500008, 0, 41208, 0, 0, 0),
(500008, 0, 41214, 0, 0, 0),
(500008, 0, 41268, 0, 0, 0),
(500008, 0, 41269, 0, 0, 0),
(500008, 0, 41270, 0, 0, 0),
(500008, 0, 41271, 0, 0, 0),
(500008, 0, 41272, 0, 0, 0),
(500008, 0, 41278, 0, 0, 0),
(500008, 0, 41290, 0, 0, 0),
(500008, 0, 41301, 0, 0, 0),
(500008, 0, 41313, 0, 0, 0),
(500008, 0, 41324, 0, 0, 0),
(500008, 0, 41643, 0, 0, 0),
(500008, 0, 41644, 0, 0, 0),
(500008, 0, 41645, 0, 0, 0),
(500008, 0, 41646, 0, 0, 0),
(500008, 0, 41647, 0, 0, 0),
(500008, 0, 41658, 0, 0, 0),
(500008, 0, 41664, 0, 0, 0),
(500008, 0, 41675, 0, 0, 0),
(500008, 0, 41712, 0, 0, 0),
(500008, 0, 41770, 0, 0, 0),
(500008, 0, 41847, 0, 0, 0),
(500008, 0, 41848, 0, 0, 0),
(500008, 0, 41849, 0, 0, 0),
(500008, 0, 41850, 0, 0, 0),
(500008, 0, 41851, 0, 0, 0),
(500008, 0, 41912, 0, 0, 0),
(500008, 0, 41918, 0, 0, 0),
(500008, 0, 41924, 0, 0, 0),
(500008, 0, 41930, 0, 0, 0),
(500008, 0, 41937, 0, 0, 0),
(500008, 0, 41943, 0, 0, 0),
(500008, 0, 41949, 0, 0, 0),
(500008, 0, 41956, 0, 0, 0),
(500008, 0, 41962, 0, 0, 0),
(500008, 0, 41968, 0, 0, 0),
(500008, 0, 41990, 0, 0, 0),
(500008, 0, 41996, 0, 0, 0),
(500008, 0, 42002, 0, 0, 0),
(500008, 0, 42008, 0, 0, 0),
(500008, 0, 42014, 0, 0, 0);
REPLACE INTO `creature_template` (`entry`, `difficulty_entry_1`, `difficulty_entry_2`, `difficulty_entry_3`, `KillCredit1`, `KillCredit2`, `modelid1`, `modelid2`, `modelid3`, `modelid4`, `name`, `subname`, `IconName`, `gossip_menu_id`, `minlevel`, `maxlevel`, `exp`, `faction_A`, `faction_H`, `npcflag`, `speed_walk`, `speed_run`, `scale`, `rank`, `mindmg`, `maxdmg`, `dmgschool`, `attackpower`, `dmg_multiplier`, `baseattacktime`, `rangeattacktime`, `unit_class`, `unit_flags`, `dynamicflags`, `family`, `trainer_type`, `trainer_spell`, `trainer_class`, `trainer_race`, `minrangedmg`, `maxrangedmg`, `rangedattackpower`, `type`, `type_flags`, `lootid`, `pickpocketloot`, `skinloot`, `resistance1`, `resistance2`, `resistance3`, `resistance4`, `resistance5`, `resistance6`, `spell1`, `spell2`, `spell3`, `spell4`, `spell5`, `spell6`, `spell7`, `spell8`, `PetSpellDataId`, `VehicleId`, `mingold`, `maxgold`, `AIName`, `MovementType`, `InhabitType`, `Health_mod`, `Mana_mod`, `Armor_mod`, `RacialLeader`, `questItem1`, `questItem2`, `questItem3`, `questItem4`, `questItem5`, `questItem6`, `movementId`, `RegenHealth`, `mechanic_immune_mask`, `flags_extra`, `ScriptName`, `WDBVerified`) VALUES (500009, 0, 0, 0, 0, 0, 22931, 0, 0, 0, 'Arena Season 6', 'Item Sets', '', 0, 80, 80, 0, 35, 35, 4225, 1, 1.14286, 1, 3, 500, 5000, 0, 0, 1, 0, 0, 1, 0, 0, 0, 0, 0, 0, 0, 0, 0, 0, 0, 0, 0, 0, 0, 0, 0, 0, 0, 0, 0, 0, 0, 0, 0, 0, 0, 0, 0, 0, 0, 0, 0, '', 0, 3, 1, 1, 1, 0, 0, 0, 0, 0, 0, 0, 0, 1, 0, 0, 0, 0);
DELETE FROM `npc_vendor` WHERE (`entry`=500009);
INSERT INTO `npc_vendor` (`entry`, `slot`, `item`, `maxcount`, `incrtime`, `ExtendedCost`) VALUES 
(500009, 0, 40787, 0, 0, 0),
(500009, 0, 40788, 0, 0, 0),
(500009, 0, 40789, 0, 0, 0),
(500009, 0, 40807, 0, 0, 0),
(500009, 0, 40808, 0, 0, 0),
(500009, 0, 40809, 0, 0, 0),
(500009, 0, 40826, 0, 0, 0),
(500009, 0, 40827, 0, 0, 0),
(500009, 0, 40828, 0, 0, 0),
(500009, 0, 40847, 0, 0, 0),
(500009, 0, 40848, 0, 0, 0),
(500009, 0, 40849, 0, 0, 0),
(500009, 0, 40866, 0, 0, 0),
(500009, 0, 40868, 0, 0, 0),
(500009, 0, 40869, 0, 0, 0),
(500009, 0, 40907, 0, 0, 0),
(500009, 0, 40927, 0, 0, 0),
(500009, 0, 40933, 0, 0, 0),
(500009, 0, 40939, 0, 0, 0),
(500009, 0, 40963, 0, 0, 0),
(500009, 0, 40992, 0, 0, 0),
(500009, 0, 40993, 0, 0, 0),
(500009, 0, 41001, 0, 0, 0),
(500009, 0, 41007, 0, 0, 0),
(500009, 0, 41013, 0, 0, 0),
(500009, 0, 41019, 0, 0, 0),
(500009, 0, 41027, 0, 0, 0),
(500009, 0, 41033, 0, 0, 0),
(500009, 0, 41038, 0, 0, 0),
(500009, 0, 41044, 0, 0, 0),
(500009, 0, 41081, 0, 0, 0),
(500009, 0, 41087, 0, 0, 0),
(500009, 0, 41137, 0, 0, 0),
(500009, 0, 41143, 0, 0, 0),
(500009, 0, 41151, 0, 0, 0),
(500009, 0, 41157, 0, 0, 0),
(500009, 0, 41199, 0, 0, 0),
(500009, 0, 41205, 0, 0, 0),
(500009, 0, 41211, 0, 0, 0),
(500009, 0, 41217, 0, 0, 0),
(500009, 0, 41275, 0, 0, 0),
(500009, 0, 41281, 0, 0, 0),
(500009, 0, 41287, 0, 0, 0),
(500009, 0, 41293, 0, 0, 0),
(500009, 0, 41298, 0, 0, 0),
(500009, 0, 41304, 0, 0, 0),
(500009, 0, 41310, 0, 0, 0),
(500009, 0, 41316, 0, 0, 0),
(500009, 0, 41321, 0, 0, 0),
(500009, 0, 41327, 0, 0, 0),
(500009, 0, 41650, 0, 0, 0),
(500009, 0, 41655, 0, 0, 0),
(500009, 0, 41661, 0, 0, 0),
(500009, 0, 41667, 0, 0, 0),
(500009, 0, 41672, 0, 0, 0),
(500009, 0, 41678, 0, 0, 0),
(500009, 0, 41683, 0, 0, 0),
(500009, 0, 41715, 0, 0, 0),
(500009, 0, 41767, 0, 0, 0),
(500009, 0, 41773, 0, 0, 0),
(500009, 0, 41854, 0, 0, 0),
(500009, 0, 41859, 0, 0, 0),
(500009, 0, 41864, 0, 0, 0),
(500009, 0, 41869, 0, 0, 0),
(500009, 0, 41874, 0, 0, 0),
(500009, 0, 41915, 0, 0, 0),
(500009, 0, 41921, 0, 0, 0),
(500009, 0, 41927, 0, 0, 0),
(500009, 0, 41934, 0, 0, 0),
(500009, 0, 41940, 0, 0, 0),
(500009, 0, 41946, 0, 0, 0),
(500009, 0, 41953, 0, 0, 0),
(500009, 0, 41959, 0, 0, 0),
(500009, 0, 41965, 0, 0, 0),
(500009, 0, 41971, 0, 0, 0),
(500009, 0, 41993, 0, 0, 0),
(500009, 0, 41998, 0, 0, 0),
(500009, 0, 42005, 0, 0, 0),
(500009, 0, 42011, 0, 0, 0),
(500009, 0, 42017, 0, 0, 0);
REPLACE INTO `creature_template` (`entry`, `difficulty_entry_1`, `difficulty_entry_2`, `difficulty_entry_3`, `KillCredit1`, `KillCredit2`, `modelid1`, `modelid2`, `modelid3`, `modelid4`, `name`, `subname`, `IconName`, `gossip_menu_id`, `minlevel`, `maxlevel`, `exp`, `faction_A`, `faction_H`, `npcflag`, `speed_walk`, `speed_run`, `scale`, `rank`, `mindmg`, `maxdmg`, `dmgschool`, `attackpower`, `dmg_multiplier`, `baseattacktime`, `rangeattacktime`, `unit_class`, `unit_flags`, `dynamicflags`, `family`, `trainer_type`, `trainer_spell`, `trainer_class`, `trainer_race`, `minrangedmg`, `maxrangedmg`, `rangedattackpower`, `type`, `type_flags`, `lootid`, `pickpocketloot`, `skinloot`, `resistance1`, `resistance2`, `resistance3`, `resistance4`, `resistance5`, `resistance6`, `spell1`, `spell2`, `spell3`, `spell4`, `spell5`, `spell6`, `spell7`, `spell8`, `PetSpellDataId`, `VehicleId`, `mingold`, `maxgold`, `AIName`, `MovementType`, `InhabitType`, `Health_mod`, `Mana_mod`, `Armor_mod`, `RacialLeader`, `questItem1`, `questItem2`, `questItem3`, `questItem4`, `questItem5`, `questItem6`, `movementId`, `RegenHealth`, `mechanic_immune_mask`, `flags_extra`, `ScriptName`, `WDBVerified`) VALUES (500010, 0, 0, 0, 0, 0, 18239, 0, 0, 0, 'Arena Season 7', 'Item Sets', '', 0, 80, 80, 0, 35, 35, 4225, 1, 1.14286, 0.25, 3, 500, 5000, 0, 0, 1, 0, 0, 1, 0, 0, 0, 0, 0, 0, 0, 0, 0, 0, 0, 0, 0, 0, 0, 0, 0, 0, 0, 0, 0, 0, 0, 0, 0, 0, 0, 0, 0, 0, 0, 0, 0, '', 0, 3, 1, 1, 1, 0, 0, 0, 0, 0, 0, 0, 0, 1, 0, 0, 0, 0); 
                                                                                                                                                                                                                                                                                                                                                                                                                                                                                                                                                                                                                                                                                                                                                                                                                                                                                                                                                                                                                                                                                                                                                                                                                                                                                                                                                                                                                                                                                                                                                          -- ����                    
DELETE FROM `npc_vendor` WHERE (`entry`=500010);
INSERT INTO `npc_vendor` (`entry`, `slot`, `item`, `maxcount`, `incrtime`, `ExtendedCost`) VALUES 
(500010, 0, 40790, 0, 0, 0),
(500010, 0, 40791, 0, 0, 0),
(500010, 0, 40792, 0, 0, 0),
(500010, 0, 40810, 0, 0, 0),
(500010, 0, 40811, 0, 0, 0),
(500010, 0, 40812, 0, 0, 0),
(500010, 0, 40829, 0, 0, 0),
(500010, 0, 40830, 0, 0, 0),
(500010, 0, 40831, 0, 0, 0),
(500010, 0, 40850, 0, 0, 0),
(500010, 0, 40851, 0, 0, 0),
(500010, 0, 40852, 0, 0, 0),
(500010, 0, 40870, 0, 0, 0),
(500010, 0, 40871, 0, 0, 0),
(500010, 0, 40872, 0, 0, 0),
(500010, 0, 40910, 0, 0, 0),
(500010, 0, 40928, 0, 0, 0),
(500010, 0, 40934, 0, 0, 0),
(500010, 0, 40940, 0, 0, 0),
(500010, 0, 40964, 0, 0, 0),
(500010, 0, 40994, 0, 0, 0),
(500010, 0, 40995, 0, 0, 0),
(500010, 0, 41002, 0, 0, 0),
(500010, 0, 41008, 0, 0, 0),
(500010, 0, 41014, 0, 0, 0),
(500010, 0, 41020, 0, 0, 0),
(500010, 0, 41028, 0, 0, 0),
(500010, 0, 41034, 0, 0, 0),
(500010, 0, 41039, 0, 0, 0),
(500010, 0, 41045, 0, 0, 0),
(500010, 0, 41082, 0, 0, 0),
(500010, 0, 41088, 0, 0, 0),
(500010, 0, 41138, 0, 0, 0),
(500010, 0, 41144, 0, 0, 0),
(500010, 0, 41152, 0, 0, 0),
(500010, 0, 41158, 0, 0, 0),
(500010, 0, 41200, 0, 0, 0),
(500010, 0, 41206, 0, 0, 0),
(500010, 0, 41212, 0, 0, 0),
(500010, 0, 41218, 0, 0, 0),
(500010, 0, 41276, 0, 0, 0),
(500010, 0, 41282, 0, 0, 0),
(500010, 0, 41288, 0, 0, 0),
(500010, 0, 41294, 0, 0, 0),
(500010, 0, 41299, 0, 0, 0),
(500010, 0, 41305, 0, 0, 0),
(500010, 0, 41311, 0, 0, 0),
(500010, 0, 41317, 0, 0, 0),
(500010, 0, 41322, 0, 0, 0),
(500010, 0, 41328, 0, 0, 0),
(500010, 0, 41651, 0, 0, 0),
(500010, 0, 41656, 0, 0, 0),
(500010, 0, 41662, 0, 0, 0),
(500010, 0, 41668, 0, 0, 0),
(500010, 0, 41673, 0, 0, 0),
(500010, 0, 41679, 0, 0, 0),
(500010, 0, 41684, 0, 0, 0),
(500010, 0, 41716, 0, 0, 0),
(500010, 0, 41768, 0, 0, 0),
(500010, 0, 41774, 0, 0, 0),
(500010, 0, 41855, 0, 0, 0),
(500010, 0, 41860, 0, 0, 0),
(500010, 0, 41865, 0, 0, 0),
(500010, 0, 41870, 0, 0, 0),
(500010, 0, 41875, 0, 0, 0),
(500010, 0, 41916, 0, 0, 0),
(500010, 0, 41922, 0, 0, 0),
(500010, 0, 41928, 0, 0, 0),
(500010, 0, 41935, 0, 0, 0),
(500010, 0, 41941, 0, 0, 0),
(500010, 0, 41947, 0, 0, 0),
(500010, 0, 41954, 0, 0, 0),
(500010, 0, 41960, 0, 0, 0),
(500010, 0, 41966, 0, 0, 0),
(500010, 0, 41972, 0, 0, 0),
(500010, 0, 41994, 0, 0, 0),
(500010, 0, 41999, 0, 0, 0),
(500010, 0, 42006, 0, 0, 0),
(500010, 0, 42012, 0, 0, 0),
(500010, 0, 42018, 0, 0, 0);

REPLACE INTO `creature_template` (`entry`, `difficulty_entry_1`, `difficulty_entry_2`, `difficulty_entry_3`, `KillCredit1`, `KillCredit2`, `modelid1`, `modelid2`, `modelid3`, `modelid4`, `name`, `subname`, `IconName`, `gossip_menu_id`, `minlevel`, `maxlevel`, `exp`, `faction_A`, `faction_H`, `npcflag`, `speed_walk`, `speed_run`, `scale`, `rank`, `mindmg`, `maxdmg`, `dmgschool`, `attackpower`, `dmg_multiplier`, `baseattacktime`, `rangeattacktime`, `unit_class`, `unit_flags`, `dynamicflags`, `family`, `trainer_type`, `trainer_spell`, `trainer_class`, `trainer_race`, `minrangedmg`, `maxrangedmg`, `rangedattackpower`, `type`, `type_flags`, `lootid`, `pickpocketloot`, `skinloot`, `resistance1`, `resistance2`, `resistance3`, `resistance4`, `resistance5`, `resistance6`, `spell1`, `spell2`, `spell3`, `spell4`, `spell5`, `spell6`, `spell7`, `spell8`, `PetSpellDataId`, `VehicleId`, `mingold`, `maxgold`, `AIName`, `MovementType`, `InhabitType`, `Health_mod`, `Mana_mod`, `Armor_mod`, `RacialLeader`, `questItem1`, `questItem2`, `questItem3`, `questItem4`, `questItem5`, `questItem6`, `movementId`, `RegenHealth`, `mechanic_immune_mask`, `flags_extra`, `ScriptName`, `WDBVerified`) VALUES (500116, 0, 0, 0, 0, 0, 22931, 0, 0, 0, 'Arena Season 1', 'Weapons', '', 0, 80, 80, 0, 35, 35, 4225, 1, 1.14286, 1, 3, 500, 5000, 0, 0, 1, 0, 0, 1, 0, 0, 0, 0, 0, 0, 0, 0, 0, 0, 0, 0, 0, 0, 0, 0, 0, 0, 0, 0, 0, 0, 0, 0, 0, 0, 0, 0, 0, 0, 0, 0, 0, '', 0, 3, 1, 1, 1, 0, 0, 0, 0, 0, 0, 0, 0, 1, 0, 0, 0, 0);
DELETE FROM `npc_vendor` WHERE (`entry`=500116);
INSERT INTO `npc_vendor` (`entry`, `slot`, `item`, `maxcount`, `incrtime`, `ExtendedCost`) VALUES 
(500116, 0, 24550, 0, 0, 0),
(500116, 0, 24557, 0, 0, 0),
(500116, 0, 28294, 0, 0, 0),
(500116, 0, 28295, 0, 0, 0),
(500116, 0, 28297, 0, 0, 0),
(500116, 0, 28298, 0, 0, 0),
(500116, 0, 28299, 0, 0, 0),
(500116, 0, 28300, 0, 0, 0),
(500116, 0, 28302, 0, 0, 0),
(500116, 0, 28305, 0, 0, 0),
(500116, 0, 28307, 0, 0, 0),
(500116, 0, 28308, 0, 0, 0),
(500116, 0, 28309, 0, 0, 0),
(500116, 0, 28310, 0, 0, 0),
(500116, 0, 28312, 0, 0, 0),
(500116, 0, 28313, 0, 0, 0),
(500116, 0, 28314, 0, 0, 0),
(500116, 0, 28319, 0, 0, 0),
(500116, 0, 28320, 0, 0, 0),
(500116, 0, 28476, 0, 0, 0),
(500116, 0, 32450, 0, 0, 0),
(500116, 0, 32451, 0, 0, 0);
REPLACE INTO `creature_template` (`entry`, `difficulty_entry_1`, `difficulty_entry_2`, `difficulty_entry_3`, `KillCredit1`, `KillCredit2`, `modelid1`, `modelid2`, `modelid3`, `modelid4`, `name`, `subname`, `IconName`, `gossip_menu_id`, `minlevel`, `maxlevel`, `exp`, `faction_A`, `faction_H`, `npcflag`, `speed_walk`, `speed_run`, `scale`, `rank`, `mindmg`, `maxdmg`, `dmgschool`, `attackpower`, `dmg_multiplier`, `baseattacktime`, `rangeattacktime`, `unit_class`, `unit_flags`, `dynamicflags`, `family`, `trainer_type`, `trainer_spell`, `trainer_class`, `trainer_race`, `minrangedmg`, `maxrangedmg`, `rangedattackpower`, `type`, `type_flags`, `lootid`, `pickpocketloot`, `skinloot`, `resistance1`, `resistance2`, `resistance3`, `resistance4`, `resistance5`, `resistance6`, `spell1`, `spell2`, `spell3`, `spell4`, `spell5`, `spell6`, `spell7`, `spell8`, `PetSpellDataId`, `VehicleId`, `mingold`, `maxgold`, `AIName`, `MovementType`, `InhabitType`, `Health_mod`, `Mana_mod`, `Armor_mod`, `RacialLeader`, `questItem1`, `questItem2`, `questItem3`, `questItem4`, `questItem5`, `questItem6`, `movementId`, `RegenHealth`, `mechanic_immune_mask`, `flags_extra`, `ScriptName`, `WDBVerified`) VALUES (500117, 0, 0, 0, 0, 0, 22931, 0, 0, 0, 'Arena Season 2', 'Weapons', '', 0, 80, 80, 0, 35, 35, 4225, 1, 1.14286, 1, 3, 500, 5000, 0, 0, 1, 0, 0, 1, 0, 0, 0, 0, 0, 0, 0, 0, 0, 0, 0, 0, 0, 0, 0, 0, 0, 0, 0, 0, 0, 0, 0, 0, 0, 0, 0, 0, 0, 0, 0, 0, 0, '', 0, 3, 1, 1, 1, 0, 0, 0, 0, 0, 0, 0, 0, 1, 0, 0, 0, 0);
DELETE FROM `npc_vendor` WHERE (`entry`=500117);
INSERT INTO `npc_vendor` (`entry`, `slot`, `item`, `maxcount`, `incrtime`, `ExtendedCost`) VALUES 
(500117, 0, 31958, 0, 0, 0),
(500117, 0, 31959, 0, 0, 0),
(500117, 0, 31965, 0, 0, 0),
(500117, 0, 31966, 0, 0, 0),
(500117, 0, 31984, 0, 0, 0),
(500117, 0, 31985, 0, 0, 0),
(500117, 0, 31986, 0, 0, 0),
(500117, 0, 32003, 0, 0, 0),
(500117, 0, 32014, 0, 0, 0),
(500117, 0, 32025, 0, 0, 0),
(500117, 0, 32026, 0, 0, 0),
(500117, 0, 32027, 0, 0, 0),
(500117, 0, 32028, 0, 0, 0),
(500117, 0, 32044, 0, 0, 0),
(500117, 0, 32046, 0, 0, 0),
(500117, 0, 32052, 0, 0, 0),
(500117, 0, 32053, 0, 0, 0),
(500117, 0, 32054, 0, 0, 0),
(500117, 0, 32055, 0, 0, 0),
(500117, 0, 32962, 0, 0, 0),
(500117, 0, 32963, 0, 0, 0),
(500117, 0, 32964, 0, 0, 0);
REPLACE INTO `creature_template` (`entry`, `difficulty_entry_1`, `difficulty_entry_2`, `difficulty_entry_3`, `KillCredit1`, `KillCredit2`, `modelid1`, `modelid2`, `modelid3`, `modelid4`, `name`, `subname`, `IconName`, `gossip_menu_id`, `minlevel`, `maxlevel`, `exp`, `faction_A`, `faction_H`, `npcflag`, `speed_walk`, `speed_run`, `scale`, `rank`, `mindmg`, `maxdmg`, `dmgschool`, `attackpower`, `dmg_multiplier`, `baseattacktime`, `rangeattacktime`, `unit_class`, `unit_flags`, `dynamicflags`, `family`, `trainer_type`, `trainer_spell`, `trainer_class`, `trainer_race`, `minrangedmg`, `maxrangedmg`, `rangedattackpower`, `type`, `type_flags`, `lootid`, `pickpocketloot`, `skinloot`, `resistance1`, `resistance2`, `resistance3`, `resistance4`, `resistance5`, `resistance6`, `spell1`, `spell2`, `spell3`, `spell4`, `spell5`, `spell6`, `spell7`, `spell8`, `PetSpellDataId`, `VehicleId`, `mingold`, `maxgold`, `AIName`, `MovementType`, `InhabitType`, `Health_mod`, `Mana_mod`, `Armor_mod`, `RacialLeader`, `questItem1`, `questItem2`, `questItem3`, `questItem4`, `questItem5`, `questItem6`, `movementId`, `RegenHealth`, `mechanic_immune_mask`, `flags_extra`, `ScriptName`, `WDBVerified`) VALUES (500118, 0, 0, 0, 0, 0, 22931, 0, 0, 0, 'Arena Season 3', 'Weapons', '', 0, 80, 80, 0, 35, 35, 4225, 1, 1.14286, 1, 3, 500, 5000, 0, 0, 1, 0, 0, 1, 0, 0, 0, 0, 0, 0, 0, 0, 0, 0, 0, 0, 0, 0, 0, 0, 0, 0, 0, 0, 0, 0, 0, 0, 0, 0, 0, 0, 0, 0, 0, 0, 0, '', 0, 3, 1, 1, 1, 0, 0, 0, 0, 0, 0, 0, 0, 1, 0, 0, 0, 0);
DELETE FROM `npc_vendor` WHERE (`entry`=500118);
INSERT INTO `npc_vendor` (`entry`, `slot`, `item`, `maxcount`, `incrtime`, `ExtendedCost`) VALUES 
(500118, 0, 33006, 0, 0, 0),
(500118, 0, 33662, 0, 0, 0),
(500118, 0, 33663, 0, 0, 0),
(500118, 0, 33669, 0, 0, 0),
(500118, 0, 33670, 0, 0, 0),
(500118, 0, 33687, 0, 0, 0),
(500118, 0, 33688, 0, 0, 0),
(500118, 0, 33689, 0, 0, 0),
(500118, 0, 33705, 0, 0, 0),
(500118, 0, 33716, 0, 0, 0),
(500118, 0, 33727, 0, 0, 0),
(500118, 0, 33733, 0, 0, 0),
(500118, 0, 33734, 0, 0, 0),
(500118, 0, 33737, 0, 0, 0),
(500118, 0, 33743, 0, 0, 0),
(500118, 0, 33754, 0, 0, 0),
(500118, 0, 33756, 0, 0, 0),
(500118, 0, 33762, 0, 0, 0),
(500118, 0, 33763, 0, 0, 0),
(500118, 0, 33764, 0, 0, 0),
(500118, 0, 33765, 0, 0, 0),
(500118, 0, 33766, 0, 0, 0),
(500118, 0, 33801, 0, 0, 0),
(500118, 0, 34014, 0, 0, 0),
(500118, 0, 34015, 0, 0, 0),
(500118, 0, 34016, 0, 0, 0),
(500118, 0, 34059, 0, 0, 0),
(500118, 0, 34066, 0, 0, 0),
(500118, 0, 34529, 0, 0, 0),
(500118, 0, 34530, 0, 0, 0),
(500118, 0, 34540, 0, 0, 0);
REPLACE INTO `creature_template` (`entry`, `difficulty_entry_1`, `difficulty_entry_2`, `difficulty_entry_3`, `KillCredit1`, `KillCredit2`, `modelid1`, `modelid2`, `modelid3`, `modelid4`, `name`, `subname`, `IconName`, `gossip_menu_id`, `minlevel`, `maxlevel`, `exp`, `faction_A`, `faction_H`, `npcflag`, `speed_walk`, `speed_run`, `scale`, `rank`, `mindmg`, `maxdmg`, `dmgschool`, `attackpower`, `dmg_multiplier`, `baseattacktime`, `rangeattacktime`, `unit_class`, `unit_flags`, `dynamicflags`, `family`, `trainer_type`, `trainer_spell`, `trainer_class`, `trainer_race`, `minrangedmg`, `maxrangedmg`, `rangedattackpower`, `type`, `type_flags`, `lootid`, `pickpocketloot`, `skinloot`, `resistance1`, `resistance2`, `resistance3`, `resistance4`, `resistance5`, `resistance6`, `spell1`, `spell2`, `spell3`, `spell4`, `spell5`, `spell6`, `spell7`, `spell8`, `PetSpellDataId`, `VehicleId`, `mingold`, `maxgold`, `AIName`, `MovementType`, `InhabitType`, `Health_mod`, `Mana_mod`, `Armor_mod`, `RacialLeader`, `questItem1`, `questItem2`, `questItem3`, `questItem4`, `questItem5`, `questItem6`, `movementId`, `RegenHealth`, `mechanic_immune_mask`, `flags_extra`, `ScriptName`, `WDBVerified`) VALUES (500119, 0, 0, 0, 0, 0, 22931, 0, 0, 0, 'Arena Season 4', 'Weapons', '', 0, 80, 80, 0, 35, 35, 4225, 1, 1.14286, 1, 3, 500, 5000, 0, 0, 1, 0, 0, 1, 0, 0, 0, 0, 0, 0, 0, 0, 0, 0, 0, 0, 0, 0, 0, 0, 0, 0, 0, 0, 0, 0, 0, 0, 0, 0, 0, 0, 0, 0, 0, 0, 0, '', 0, 3, 1, 1, 1, 0, 0, 0, 0, 0, 0, 0, 0, 1, 0, 0, 0, 0);
DELETE FROM `npc_vendor` WHERE (`entry`=500119);
INSERT INTO `npc_vendor` (`entry`, `slot`, `item`, `maxcount`, `incrtime`, `ExtendedCost`) VALUES 
(500119, 0, 34985, 0, 0, 0),
(500119, 0, 34987, 0, 0, 0),
(500119, 0, 34988, 0, 0, 0),
(500119, 0, 34989, 0, 0, 0),
(500119, 0, 34995, 0, 0, 0),
(500119, 0, 34996, 0, 0, 0),
(500119, 0, 34997, 0, 0, 0),
(500119, 0, 35008, 0, 0, 0),
(500119, 0, 35014, 0, 0, 0),
(500119, 0, 35015, 0, 0, 0),
(500119, 0, 35016, 0, 0, 0),
(500119, 0, 35017, 0, 0, 0),
(500119, 0, 35018, 0, 0, 0),
(500119, 0, 35037, 0, 0, 0),
(500119, 0, 35038, 0, 0, 0),
(500119, 0, 35047, 0, 0, 0),
(500119, 0, 35058, 0, 0, 0),
(500119, 0, 35064, 0, 0, 0),
(500119, 0, 35065, 0, 0, 0),
(500119, 0, 35071, 0, 0, 0),
(500119, 0, 35072, 0, 0, 0),
(500119, 0, 35074, 0, 0, 0),
(500119, 0, 35075, 0, 0, 0),
(500119, 0, 35076, 0, 0, 0),
(500119, 0, 35082, 0, 0, 0),
(500119, 0, 35093, 0, 0, 0),
(500119, 0, 35095, 0, 0, 0),
(500119, 0, 35101, 0, 0, 0),
(500119, 0, 35102, 0, 0, 0),
(500119, 0, 35103, 0, 0, 0),
(500119, 0, 35107, 0, 0, 0),
(500119, 0, 35108, 0, 0, 0),
(500119, 0, 35109, 0, 0, 0),
(500119, 0, 35110, 0, 0, 0),
(500119, 0, 36737, 0, 0, 0),
(500119, 0, 37739, 0, 0, 0),
(500119, 0, 37740, 0, 0, 0);
REPLACE INTO `creature_template` (`entry`, `difficulty_entry_1`, `difficulty_entry_2`, `difficulty_entry_3`, `KillCredit1`, `KillCredit2`, `modelid1`, `modelid2`, `modelid3`, `modelid4`, `name`, `subname`, `IconName`, `gossip_menu_id`, `minlevel`, `maxlevel`, `exp`, `faction_A`, `faction_H`, `npcflag`, `speed_walk`, `speed_run`, `scale`, `rank`, `mindmg`, `maxdmg`, `dmgschool`, `attackpower`, `dmg_multiplier`, `baseattacktime`, `rangeattacktime`, `unit_class`, `unit_flags`, `dynamicflags`, `family`, `trainer_type`, `trainer_spell`, `trainer_class`, `trainer_race`, `minrangedmg`, `maxrangedmg`, `rangedattackpower`, `type`, `type_flags`, `lootid`, `pickpocketloot`, `skinloot`, `resistance1`, `resistance2`, `resistance3`, `resistance4`, `resistance5`, `resistance6`, `spell1`, `spell2`, `spell3`, `spell4`, `spell5`, `spell6`, `spell7`, `spell8`, `PetSpellDataId`, `VehicleId`, `mingold`, `maxgold`, `AIName`, `MovementType`, `InhabitType`, `Health_mod`, `Mana_mod`, `Armor_mod`, `RacialLeader`, `questItem1`, `questItem2`, `questItem3`, `questItem4`, `questItem5`, `questItem6`, `movementId`, `RegenHealth`, `mechanic_immune_mask`, `flags_extra`, `ScriptName`, `WDBVerified`) VALUES (500120, 0, 0, 0, 0, 0, 22931, 0, 0, 0, 'Arena Season 5', 'Weapons', '', 0, 80, 80, 0, 35, 35, 4225, 1, 1.14286, 1, 3, 500, 5000, 0, 0, 1, 0, 0, 1, 0, 0, 0, 0, 0, 0, 0, 0, 0, 0, 0, 0, 0, 0, 0, 0, 0, 0, 0, 0, 0, 0, 0, 0, 0, 0, 0, 0, 0, 0, 0, 0, 0, '', 0, 3, 1, 1, 1, 0, 0, 0, 0, 0, 0, 0, 0, 1, 0, 0, 0, 0);
DELETE FROM `npc_vendor` WHERE (`entry`=500120);
INSERT INTO `npc_vendor` (`entry`, `slot`, `item`, `maxcount`, `incrtime`, `ExtendedCost`) VALUES 
(500120, 0, 42206, 0, 0, 0),
(500120, 0, 42207, 0, 0, 0),
(500120, 0, 42208, 0, 0, 0),
(500120, 0, 42212, 0, 0, 0),
(500120, 0, 42213, 0, 0, 0),
(500120, 0, 42214, 0, 0, 0),
(500120, 0, 42215, 0, 0, 0),
(500120, 0, 42216, 0, 0, 0),
(500120, 0, 42217, 0, 0, 0),
(500120, 0, 42218, 0, 0, 0),
(500120, 0, 42219, 0, 0, 0),
(500120, 0, 42220, 0, 0, 0),
(500120, 0, 42221, 0, 0, 0),
(500120, 0, 42222, 0, 0, 0),
(500120, 0, 42223, 0, 0, 0),
(500120, 0, 42224, 0, 0, 0),
(500120, 0, 42226, 0, 0, 0),
(500120, 0, 42227, 0, 0, 0),
(500120, 0, 42231, 0, 0, 0),
(500120, 0, 42232, 0, 0, 0),
(500120, 0, 42236, 0, 0, 0),
(500120, 0, 42237, 0, 0, 0),
(500120, 0, 42241, 0, 0, 0),
(500120, 0, 42242, 0, 0, 0),
(500120, 0, 42247, 0, 0, 0),
(500120, 0, 42248, 0, 0, 0),
(500120, 0, 42254, 0, 0, 0),
(500120, 0, 42255, 0, 0, 0),
(500120, 0, 42259, 0, 0, 0),
(500120, 0, 42260, 0, 0, 0),
(500120, 0, 42264, 0, 0, 0),
(500120, 0, 42265, 0, 0, 0),
(500120, 0, 42269, 0, 0, 0),
(500120, 0, 42270, 0, 0, 0),
(500120, 0, 42274, 0, 0, 0),
(500120, 0, 42275, 0, 0, 0),
(500120, 0, 42279, 0, 0, 0),
(500120, 0, 42280, 0, 0, 0),
(500120, 0, 42284, 0, 0, 0),
(500120, 0, 42285, 0, 0, 0),
(500120, 0, 42289, 0, 0, 0),
(500120, 0, 42290, 0, 0, 0),
(500120, 0, 42294, 0, 0, 0),
(500120, 0, 42295, 0, 0, 0),
(500120, 0, 42296, 0, 0, 0),
(500120, 0, 42297, 0, 0, 0),
(500120, 0, 42316, 0, 0, 0),
(500120, 0, 42317, 0, 0, 0),
(500120, 0, 42321, 0, 0, 0),
(500120, 0, 42322, 0, 0, 0),
(500120, 0, 42326, 0, 0, 0),
(500120, 0, 42327, 0, 0, 0),
(500120, 0, 42331, 0, 0, 0),
(500120, 0, 42332, 0, 0, 0),
(500120, 0, 42343, 0, 0, 0),
(500120, 0, 42344, 0, 0, 0),
(500120, 0, 42345, 0, 0, 0),
(500120, 0, 42346, 0, 0, 0),
(500120, 0, 42351, 0, 0, 0),
(500120, 0, 42352, 0, 0, 0),
(500120, 0, 42356, 0, 0, 0),
(500120, 0, 42359, 0, 0, 0),
(500120, 0, 42362, 0, 0, 0),
(500120, 0, 42382, 0, 0, 0),
(500120, 0, 42383, 0, 0, 0),
(500120, 0, 42384, 0, 0, 0),
(500120, 0, 42388, 0, 0, 0),
(500120, 0, 42389, 0, 0, 0),
(500120, 0, 42390, 0, 0, 0),
(500120, 0, 42444, 0, 0, 0),
(500120, 0, 42445, 0, 0, 0),
(500120, 0, 42446, 0, 0, 0),
(500120, 0, 42447, 0, 0, 0),
(500120, 0, 42448, 0, 0, 0),
(500120, 0, 42449, 0, 0, 0),
(500120, 0, 42450, 0, 0, 0),
(500120, 0, 42484, 0, 0, 0),
(500120, 0, 42485, 0, 0, 0),
(500120, 0, 42489, 0, 0, 0),
(500120, 0, 42490, 0, 0, 0),
(500120, 0, 42494, 0, 0, 0),
(500120, 0, 42495, 0, 0, 0),
(500120, 0, 42501, 0, 0, 0),
(500120, 0, 42502, 0, 0, 0),
(500120, 0, 42511, 0, 0, 0),
(500120, 0, 42512, 0, 0, 0),
(500120, 0, 42513, 0, 0, 0),
(500120, 0, 42517, 0, 0, 0),
(500120, 0, 42518, 0, 0, 0),
(500120, 0, 42519, 0, 0, 0),
(500120, 0, 44415, 0, 0, 0),
(500120, 0, 44416, 0, 0, 0),
(500120, 0, 44417, 0, 0, 0),
(500120, 0, 44418, 0, 0, 0),
(500120, 0, 44419, 0, 0, 0),
(500120, 0, 44420, 0, 0, 0);
REPLACE INTO `creature_template` (`entry`, `difficulty_entry_1`, `difficulty_entry_2`, `difficulty_entry_3`, `KillCredit1`, `KillCredit2`, `modelid1`, `modelid2`, `modelid3`, `modelid4`, `name`, `subname`, `IconName`, `gossip_menu_id`, `minlevel`, `maxlevel`, `exp`, `faction_A`, `faction_H`, `npcflag`, `speed_walk`, `speed_run`, `scale`, `rank`, `mindmg`, `maxdmg`, `dmgschool`, `attackpower`, `dmg_multiplier`, `baseattacktime`, `rangeattacktime`, `unit_class`, `unit_flags`, `dynamicflags`, `family`, `trainer_type`, `trainer_spell`, `trainer_class`, `trainer_race`, `minrangedmg`, `maxrangedmg`, `rangedattackpower`, `type`, `type_flags`, `lootid`, `pickpocketloot`, `skinloot`, `resistance1`, `resistance2`, `resistance3`, `resistance4`, `resistance5`, `resistance6`, `spell1`, `spell2`, `spell3`, `spell4`, `spell5`, `spell6`, `spell7`, `spell8`, `PetSpellDataId`, `VehicleId`, `mingold`, `maxgold`, `AIName`, `MovementType`, `InhabitType`, `Health_mod`, `Mana_mod`, `Armor_mod`, `RacialLeader`, `questItem1`, `questItem2`, `questItem3`, `questItem4`, `questItem5`, `questItem6`, `movementId`, `RegenHealth`, `mechanic_immune_mask`, `flags_extra`, `ScriptName`, `WDBVerified`) VALUES (500121, 0, 0, 0, 0, 0, 22931, 0, 0, 0, 'Arena Season 6', 'Weapons', '', 0, 80, 80, 0, 35, 35, 4225, 1, 1.14286, 1, 3, 500, 5000, 0, 0, 1, 0, 0, 1, 0, 0, 0, 0, 0, 0, 0, 0, 0, 0, 0, 0, 0, 0, 0, 0, 0, 0, 0, 0, 0, 0, 0, 0, 0, 0, 0, 0, 0, 0, 0, 0, 0, '', 0, 3, 1, 1, 1, 0, 0, 0, 0, 0, 0, 0, 0, 1, 0, 0, 0, 0);
DELETE FROM `npc_vendor` WHERE (`entry`=500121);
INSERT INTO `npc_vendor` (`entry`, `slot`, `item`, `maxcount`, `incrtime`, `ExtendedCost`) VALUES 
(500121, 0, 42209, 0, 0, 0),
(500121, 0, 42228, 0, 0, 0),
(500121, 0, 42233, 0, 0, 0),
(500121, 0, 42243, 0, 0, 0),
(500121, 0, 42249, 0, 0, 0),
(500121, 0, 42256, 0, 0, 0),
(500121, 0, 42261, 0, 0, 0),
(500121, 0, 42266, 0, 0, 0),
(500121, 0, 42271, 0, 0, 0),
(500121, 0, 42276, 0, 0, 0),
(500121, 0, 42281, 0, 0, 0),
(500121, 0, 42286, 0, 0, 0),
(500121, 0, 42291, 0, 0, 0),
(500121, 0, 42318, 0, 0, 0),
(500121, 0, 42323, 0, 0, 0),
(500121, 0, 42328, 0, 0, 0),
(500121, 0, 42333, 0, 0, 0),
(500121, 0, 42347, 0, 0, 0),
(500121, 0, 42353, 0, 0, 0),
(500121, 0, 42364, 0, 0, 0),
(500121, 0, 42385, 0, 0, 0),
(500121, 0, 42391, 0, 0, 0),
(500121, 0, 42451, 0, 0, 0),
(500121, 0, 42486, 0, 0, 0),
(500121, 0, 42491, 0, 0, 0),
(500121, 0, 42496, 0, 0, 0),
(500121, 0, 42503, 0, 0, 0),
(500121, 0, 42514, 0, 0, 0),
(500121, 0, 42520, 0, 0, 0),
(500121, 0, 44421, 0, 0, 0),
(500121, 0, 44422, 0, 0, 0),
(500121, 0, 45937, 0, 0, 0),
(500121, 0, 45938, 0, 0, 0),
(500121, 0, 45939, 0, 0, 0),
(500121, 0, 45948, 0, 0, 0),
(500121, 0, 45949, 0, 0, 0),
(500121, 0, 45950, 0, 0, 0),
(500121, 0, 45951, 0, 0, 0),
(500121, 0, 45952, 0, 0, 0),
(500121, 0, 45953, 0, 0, 0),
(500121, 0, 45954, 0, 0, 0),
(500121, 0, 45955, 0, 0, 0),
(500121, 0, 45956, 0, 0, 0),
(500121, 0, 45957, 0, 0, 0),
(500121, 0, 45958, 0, 0, 0),
(500121, 0, 45959, 0, 0, 0),
(500121, 0, 45960, 0, 0, 0),
(500121, 0, 45961, 0, 0, 0),
(500121, 0, 45962, 0, 0, 0),
(500121, 0, 45963, 0, 0, 0),
(500121, 0, 45964, 0, 0, 0),
(500121, 0, 45965, 0, 0, 0),
(500121, 0, 45966, 0, 0, 0),
(500121, 0, 45967, 0, 0, 0),
(500121, 0, 45968, 0, 0, 0),
(500121, 0, 45969, 0, 0, 0),
(500121, 0, 45970, 0, 0, 0),
(500121, 0, 45971, 0, 0, 0);
REPLACE INTO `creature_template` (`entry`, `difficulty_entry_1`, `difficulty_entry_2`, `difficulty_entry_3`, `KillCredit1`, `KillCredit2`, `modelid1`, `modelid2`, `modelid3`, `modelid4`, `name`, `subname`, `IconName`, `gossip_menu_id`, `minlevel`, `maxlevel`, `exp`, `faction_A`, `faction_H`, `npcflag`, `speed_walk`, `speed_run`, `scale`, `rank`, `mindmg`, `maxdmg`, `dmgschool`, `attackpower`, `dmg_multiplier`, `baseattacktime`, `rangeattacktime`, `unit_class`, `unit_flags`, `dynamicflags`, `family`, `trainer_type`, `trainer_spell`, `trainer_class`, `trainer_race`, `minrangedmg`, `maxrangedmg`, `rangedattackpower`, `type`, `type_flags`, `lootid`, `pickpocketloot`, `skinloot`, `resistance1`, `resistance2`, `resistance3`, `resistance4`, `resistance5`, `resistance6`, `spell1`, `spell2`, `spell3`, `spell4`, `spell5`, `spell6`, `spell7`, `spell8`, `PetSpellDataId`, `VehicleId`, `mingold`, `maxgold`, `AIName`, `MovementType`, `InhabitType`, `Health_mod`, `Mana_mod`, `Armor_mod`, `RacialLeader`, `questItem1`, `questItem2`, `questItem3`, `questItem4`, `questItem5`, `questItem6`, `movementId`, `RegenHealth`, `mechanic_immune_mask`, `flags_extra`, `ScriptName`, `WDBVerified`) VALUES (50072, 0, 0, 0, 0, 0, 19952, 0, 19952, 0, 'Pandemonium', 'Tier 1 Set Vendor', '', 0, 83, 83, 0, 35, 35, 129, 1, 1.14286, 1, 2, 5000, 7000, 0, 2000, 1000, 2000, 2000, 1, 2, 0, 0, 0, 0, 0, 0, 1000, 2000, 2000, 2, 2, 0, 0, 0, 0, 0, 0, 0, 0, 0, 0, 0, 0, 0, 0, 0, 0, 0, 0, 0, 1000, 1000, '', 0, 3, 100, 112, 1, 0, 0, 0, 0, 0, 0, 0, 0, 1, 0, 2, '', 1);
DELETE FROM `npc_vendor` WHERE (`entry`=50072);
INSERT INTO `npc_vendor` (`entry`, `slot`, `item`, `maxcount`, `incrtime`, `ExtendedCost`) VALUES 
(50072, 0, 16795, 0, 0, 0),
(50072, 0, 16796, 0, 0, 0),
(50072, 0, 16797, 0, 0, 0),
(50072, 0, 16798, 0, 0, 0),
(50072, 0, 16799, 0, 0, 0),
(50072, 0, 16800, 0, 0, 0),
(50072, 0, 16801, 0, 0, 0),
(50072, 0, 16802, 0, 0, 0),
(50072, 0, 16803, 0, 0, 0),
(50072, 0, 16804, 0, 0, 0),
(50072, 0, 16805, 0, 0, 0),
(50072, 0, 16806, 0, 0, 0),
(50072, 0, 16807, 0, 0, 0),
(50072, 0, 16808, 0, 0, 0),
(50072, 0, 16809, 0, 0, 0),
(50072, 0, 16810, 0, 0, 0),
(50072, 0, 16811, 0, 0, 0),
(50072, 0, 16812, 0, 0, 0),
(50072, 0, 16813, 0, 0, 0),
(50072, 0, 16814, 0, 0, 0),
(50072, 0, 16815, 0, 0, 0),
(50072, 0, 16816, 0, 0, 0),
(50072, 0, 16817, 0, 0, 0),
(50072, 0, 16819, 0, 0, 0),
(50072, 0, 16820, 0, 0, 0),
(50072, 0, 16821, 0, 0, 0),
(50072, 0, 16822, 0, 0, 0),
(50072, 0, 16823, 0, 0, 0),
(50072, 0, 16824, 0, 0, 0),
(50072, 0, 16825, 0, 0, 0),
(50072, 0, 16826, 0, 0, 0),
(50072, 0, 16827, 0, 0, 0),
(50072, 0, 16828, 0, 0, 0),
(50072, 0, 16829, 0, 0, 0),
(50072, 0, 16830, 0, 0, 0),
(50072, 0, 16831, 0, 0, 0),
(50072, 0, 16833, 0, 0, 0),
(50072, 0, 16834, 0, 0, 0),
(50072, 0, 16835, 0, 0, 0),
(50072, 0, 16836, 0, 0, 0),
(50072, 0, 16837, 0, 0, 0),
(50072, 0, 16838, 0, 0, 0),
(50072, 0, 16839, 0, 0, 0),
(50072, 0, 16840, 0, 0, 0),
(50072, 0, 16841, 0, 0, 0),
(50072, 0, 16842, 0, 0, 0),
(50072, 0, 16843, 0, 0, 0),
(50072, 0, 16844, 0, 0, 0),
(50072, 0, 16845, 0, 0, 0),
(50072, 0, 16846, 0, 0, 0),
(50072, 0, 16847, 0, 0, 0),
(50072, 0, 16848, 0, 0, 0),
(50072, 0, 16849, 0, 0, 0),
(50072, 0, 16850, 0, 0, 0),
(50072, 0, 16851, 0, 0, 0),
(50072, 0, 16852, 0, 0, 0),
(50072, 0, 16853, 0, 0, 0),
(50072, 0, 16854, 0, 0, 0),
(50072, 0, 16855, 0, 0, 0),
(50072, 0, 16856, 0, 0, 0),
(50072, 0, 16857, 0, 0, 0),
(50072, 0, 16858, 0, 0, 0),
(50072, 0, 16859, 0, 0, 0),
(50072, 0, 16860, 0, 0, 0),
(50072, 0, 16861, 0, 0, 0),
(50072, 0, 16862, 0, 0, 0),
(50072, 0, 16863, 0, 0, 0),
(50072, 0, 16864, 0, 0, 0),
(50072, 0, 16865, 0, 0, 0),
(50072, 0, 16866, 0, 0, 0),
(50072, 0, 16867, 0, 0, 0),
(50072, 0, 16868, 0, 0, 0);
REPLACE INTO `creature_template` (`entry`, `difficulty_entry_1`, `difficulty_entry_2`, `difficulty_entry_3`, `KillCredit1`, `KillCredit2`, `modelid1`, `modelid2`, `modelid3`, `modelid4`, `name`, `subname`, `IconName`, `gossip_menu_id`, `minlevel`, `maxlevel`, `exp`, `faction_A`, `faction_H`, `npcflag`, `speed_walk`, `speed_run`, `scale`, `rank`, `mindmg`, `maxdmg`, `dmgschool`, `attackpower`, `dmg_multiplier`, `baseattacktime`, `rangeattacktime`, `unit_class`, `unit_flags`, `dynamicflags`, `family`, `trainer_type`, `trainer_spell`, `trainer_class`, `trainer_race`, `minrangedmg`, `maxrangedmg`, `rangedattackpower`, `type`, `type_flags`, `lootid`, `pickpocketloot`, `skinloot`, `resistance1`, `resistance2`, `resistance3`, `resistance4`, `resistance5`, `resistance6`, `spell1`, `spell2`, `spell3`, `spell4`, `spell5`, `spell6`, `spell7`, `spell8`, `PetSpellDataId`, `VehicleId`, `mingold`, `maxgold`, `AIName`, `MovementType`, `InhabitType`, `Health_mod`, `Mana_mod`, `Armor_mod`, `RacialLeader`, `questItem1`, `questItem2`, `questItem3`, `questItem4`, `questItem5`, `questItem6`, `movementId`, `RegenHealth`, `mechanic_immune_mask`, `flags_extra`, `ScriptName`, `WDBVerified`) VALUES (50073, 0, 0, 0, 0, 0, 19952, 0, 19952, 0, 'Giant Void', 'Tier 2 Set Vendor', '', 0, 83, 83, 0, 35, 35, 129, 1, 1.14286, 1, 2, 5000, 7000, 0, 2000, 1000, 2000, 2000, 1, 2, 0, 0, 0, 0, 0, 0, 1000, 2000, 2000, 2, 2, 0, 0, 0, 0, 0, 0, 0, 0, 0, 0, 0, 0, 0, 0, 0, 0, 0, 0, 0, 1000, 1000, '', 0, 3, 100, 112, 1, 0, 0, 0, 0, 0, 0, 0, 0, 1, 0, 2, '', 1);
DELETE FROM `npc_vendor` WHERE (`entry`=50073);
INSERT INTO `npc_vendor` (`entry`, `slot`, `item`, `maxcount`, `incrtime`, `ExtendedCost`) VALUES 
(50073, 0, 16818, 0, 0, 0),
(50073, 0, 16832, 0, 0, 0),
(50073, 0, 16897, 0, 0, 0),
(50073, 0, 16898, 0, 0, 0),
(50073, 0, 16899, 0, 0, 0),
(50073, 0, 16900, 0, 0, 0),
(50073, 0, 16901, 0, 0, 0),
(50073, 0, 16902, 0, 0, 0),
(50073, 0, 16903, 0, 0, 0),
(50073, 0, 16904, 0, 0, 0),
(50073, 0, 16905, 0, 0, 0),
(50073, 0, 16906, 0, 0, 0),
(50073, 0, 16907, 0, 0, 0),
(50073, 0, 16908, 0, 0, 0),
(50073, 0, 16909, 0, 0, 0),
(50073, 0, 16910, 0, 0, 0),
(50073, 0, 16911, 0, 0, 0),
(50073, 0, 16912, 0, 0, 0),
(50073, 0, 16913, 0, 0, 0),
(50073, 0, 16914, 0, 0, 0),
(50073, 0, 16915, 0, 0, 0),
(50073, 0, 16916, 0, 0, 0),
(50073, 0, 16917, 0, 0, 0),
(50073, 0, 16918, 0, 0, 0),
(50073, 0, 16919, 0, 0, 0),
(50073, 0, 16920, 0, 0, 0),
(50073, 0, 16921, 0, 0, 0),
(50073, 0, 16922, 0, 0, 0),
(50073, 0, 16923, 0, 0, 0),
(50073, 0, 16924, 0, 0, 0),
(50073, 0, 16925, 0, 0, 0),
(50073, 0, 16926, 0, 0, 0),
(50073, 0, 16927, 0, 0, 0),
(50073, 0, 16928, 0, 0, 0),
(50073, 0, 16929, 0, 0, 0),
(50073, 0, 16930, 0, 0, 0),
(50073, 0, 16931, 0, 0, 0),
(50073, 0, 16932, 0, 0, 0),
(50073, 0, 16933, 0, 0, 0),
(50073, 0, 16934, 0, 0, 0),
(50073, 0, 16935, 0, 0, 0),
(50073, 0, 16936, 0, 0, 0),
(50073, 0, 16937, 0, 0, 0),
(50073, 0, 16938, 0, 0, 0),
(50073, 0, 16939, 0, 0, 0),
(50073, 0, 16940, 0, 0, 0),
(50073, 0, 16941, 0, 0, 0),
(50073, 0, 16942, 0, 0, 0),
(50073, 0, 16943, 0, 0, 0),
(50073, 0, 16944, 0, 0, 0),
(50073, 0, 16945, 0, 0, 0),
(50073, 0, 16946, 0, 0, 0),
(50073, 0, 16947, 0, 0, 0),
(50073, 0, 16948, 0, 0, 0),
(50073, 0, 16949, 0, 0, 0),
(50073, 0, 16950, 0, 0, 0),
(50073, 0, 16951, 0, 0, 0),
(50073, 0, 16952, 0, 0, 0),
(50073, 0, 16953, 0, 0, 0),
(50073, 0, 16954, 0, 0, 0),
(50073, 0, 16955, 0, 0, 0),
(50073, 0, 16956, 0, 0, 0),
(50073, 0, 16957, 0, 0, 0),
(50073, 0, 16958, 0, 0, 0),
(50073, 0, 16959, 0, 0, 0),
(50073, 0, 16960, 0, 0, 0),
(50073, 0, 16961, 0, 0, 0),
(50073, 0, 16962, 0, 0, 0),
(50073, 0, 16963, 0, 0, 0),
(50073, 0, 16964, 0, 0, 0),
(50073, 0, 16965, 0, 0, 0),
(50073, 0, 16966, 0, 0, 0);
REPLACE INTO `creature_template` (`entry`, `difficulty_entry_1`, `difficulty_entry_2`, `difficulty_entry_3`, `KillCredit1`, `KillCredit2`, `modelid1`, `modelid2`, `modelid3`, `modelid4`, `name`, `subname`, `IconName`, `gossip_menu_id`, `minlevel`, `maxlevel`, `exp`, `faction_A`, `faction_H`, `npcflag`, `speed_walk`, `speed_run`, `scale`, `rank`, `mindmg`, `maxdmg`, `dmgschool`, `attackpower`, `dmg_multiplier`, `baseattacktime`, `rangeattacktime`, `unit_class`, `unit_flags`, `dynamicflags`, `family`, `trainer_type`, `trainer_spell`, `trainer_class`, `trainer_race`, `minrangedmg`, `maxrangedmg`, `rangedattackpower`, `type`, `type_flags`, `lootid`, `pickpocketloot`, `skinloot`, `resistance1`, `resistance2`, `resistance3`, `resistance4`, `resistance5`, `resistance6`, `spell1`, `spell2`, `spell3`, `spell4`, `spell5`, `spell6`, `spell7`, `spell8`, `PetSpellDataId`, `VehicleId`, `mingold`, `maxgold`, `AIName`, `MovementType`, `InhabitType`, `Health_mod`, `Mana_mod`, `Armor_mod`, `RacialLeader`, `questItem1`, `questItem2`, `questItem3`, `questItem4`, `questItem5`, `questItem6`, `movementId`, `RegenHealth`, `mechanic_immune_mask`, `flags_extra`, `ScriptName`, `WDBVerified`) VALUES (700500, 0, 0, 0, 0, 0, 15867, 0, 0, 0, 'Jonathan the Revelator', 'Tier Set 3 Vendor', '', 0, 83, 83, 0, 35, 35, 4224, 2, 2, 1, 2, 435, 653, 0, 163, 92.6, 2000, 2000, 2, 2, 8, 0, 0, 0, 0, 0, 348, 522, 130, 7, 2, 0, 0, 0, 0, 0, 0, 0, 0, 0, 0, 0, 0, 0, 0, 0, 0, 0, 0, 0, 1000, 1000, '', 0, 3, 100, 50, 10, 0, 0, 0, 0, 0, 0, 0, 0, 1, 617299803, 2, '', 12340);
DELETE FROM `npc_vendor` WHERE (`entry`=700500);
INSERT INTO `npc_vendor` (`entry`, `slot`, `item`, `maxcount`, `incrtime`, `ExtendedCost`) VALUES 
(700500, 0, 22416, 0, 0, 0),
(700500, 0, 22417, 0, 0, 0),
(700500, 0, 22418, 0, 0, 0),
(700500, 0, 22419, 0, 0, 0),
(700500, 0, 22420, 0, 0, 0),
(700500, 0, 22421, 0, 0, 0),
(700500, 0, 22422, 0, 0, 0),
(700500, 0, 22423, 0, 0, 0),
(700500, 0, 22424, 0, 0, 0),
(700500, 0, 22425, 0, 0, 0),
(700500, 0, 22426, 0, 0, 0),
(700500, 0, 22427, 0, 0, 0),
(700500, 0, 22428, 0, 0, 0),
(700500, 0, 22429, 0, 0, 0),
(700500, 0, 22430, 0, 0, 0),
(700500, 0, 22431, 0, 0, 0),
(700500, 0, 22436, 0, 0, 0),
(700500, 0, 22437, 0, 0, 0),
(700500, 0, 22438, 0, 0, 0),
(700500, 0, 22439, 0, 0, 0),
(700500, 0, 22440, 0, 0, 0),
(700500, 0, 22441, 0, 0, 0),
(700500, 0, 22442, 0, 0, 0),
(700500, 0, 22443, 0, 0, 0),
(700500, 0, 22464, 0, 0, 0),
(700500, 0, 22465, 0, 0, 0),
(700500, 0, 22466, 0, 0, 0),
(700500, 0, 22467, 0, 0, 0),
(700500, 0, 22468, 0, 0, 0),
(700500, 0, 22469, 0, 0, 0),
(700500, 0, 22470, 0, 0, 0),
(700500, 0, 22471, 0, 0, 0),
(700500, 0, 22476, 0, 0, 0),
(700500, 0, 22477, 0, 0, 0),
(700500, 0, 22478, 0, 0, 0),
(700500, 0, 22479, 0, 0, 0),
(700500, 0, 22480, 0, 0, 0),
(700500, 0, 22481, 0, 0, 0),
(700500, 0, 22482, 0, 0, 0),
(700500, 0, 22483, 0, 0, 0),
(700500, 0, 22488, 0, 0, 0),
(700500, 0, 22489, 0, 0, 0),
(700500, 0, 22490, 0, 0, 0),
(700500, 0, 22491, 0, 0, 0),
(700500, 0, 22492, 0, 0, 0),
(700500, 0, 22493, 0, 0, 0),
(700500, 0, 22494, 0, 0, 0),
(700500, 0, 22495, 0, 0, 0),
(700500, 0, 22496, 0, 0, 0),
(700500, 0, 22497, 0, 0, 0),
(700500, 0, 22498, 0, 0, 0),
(700500, 0, 22499, 0, 0, 0),
(700500, 0, 22500, 0, 0, 0),
(700500, 0, 22501, 0, 0, 0),
(700500, 0, 22502, 0, 0, 0),
(700500, 0, 22503, 0, 0, 0),
(700500, 0, 22504, 0, 0, 0),
(700500, 0, 22505, 0, 0, 0),
(700500, 0, 22506, 0, 0, 0),
(700500, 0, 22507, 0, 0, 0),
(700500, 0, 22508, 0, 0, 0),
(700500, 0, 22509, 0, 0, 0),
(700500, 0, 22510, 0, 0, 0),
(700500, 0, 22511, 0, 0, 0),
(700500, 0, 22512, 0, 0, 0),
(700500, 0, 22513, 0, 0, 0),
(700500, 0, 22514, 0, 0, 0),
(700500, 0, 22515, 0, 0, 0),
(700500, 0, 22516, 0, 0, 0),
(700500, 0, 22517, 0, 0, 0),
(700500, 0, 22518, 0, 0, 0),
(700500, 0, 22519, 0, 0, 0),
(700500, 0, 23059, 0, 0, 0),
(700500, 0, 23060, 0, 0, 0),
(700500, 0, 23061, 0, 0, 0),
(700500, 0, 23062, 0, 0, 0),
(700500, 0, 23063, 0, 0, 0),
(700500, 0, 23064, 0, 0, 0),
(700500, 0, 23065, 0, 0, 0),
(700500, 0, 23066, 0, 0, 0),
(700500, 0, 23067, 0, 0, 0);
REPLACE INTO `creature_template` (`entry`, `difficulty_entry_1`, `difficulty_entry_2`, `difficulty_entry_3`, `KillCredit1`, `KillCredit2`, `modelid1`, `modelid2`, `modelid3`, `modelid4`, `name`, `subname`, `IconName`, `gossip_menu_id`, `minlevel`, `maxlevel`, `exp`, `faction_A`, `faction_H`, `npcflag`, `speed_walk`, `speed_run`, `scale`, `rank`, `mindmg`, `maxdmg`, `dmgschool`, `attackpower`, `dmg_multiplier`, `baseattacktime`, `rangeattacktime`, `unit_class`, `unit_flags`, `dynamicflags`, `family`, `trainer_type`, `trainer_spell`, `trainer_class`, `trainer_race`, `minrangedmg`, `maxrangedmg`, `rangedattackpower`, `type`, `type_flags`, `lootid`, `pickpocketloot`, `skinloot`, `resistance1`, `resistance2`, `resistance3`, `resistance4`, `resistance5`, `resistance6`, `spell1`, `spell2`, `spell3`, `spell4`, `spell5`, `spell6`, `spell7`, `spell8`, `PetSpellDataId`, `VehicleId`, `mingold`, `maxgold`, `AIName`, `MovementType`, `InhabitType`, `Health_mod`, `Mana_mod`, `Armor_mod`, `RacialLeader`, `questItem1`, `questItem2`, `questItem3`, `questItem4`, `questItem5`, `questItem6`, `movementId`, `RegenHealth`, `mechanic_immune_mask`, `flags_extra`, `ScriptName`, `WDBVerified`) VALUES (700501, 0, 0, 0, 0, 0, 5566, 0, 0, 0, 'Highlord Bolvar Fordragon', 'Tier 4 Set Vendor', '', 0, 83, 83, 0, 35, 35, 4224, 2, 2, 1, 2, 218, 326, 0, 82, 111.9, 1000, 1000, 2, 2, 8, 0, 0, 0, 0, 0, 174, 261, 66, 7, 2, 0, 0, 0, 0, 0, 0, 0, 0, 0, 0, 0, 0, 0, 0, 0, 0, 0, 0, 0, 1000, 1000, '', 0, 3, 100, 50, 10, 0, 0, 0, 0, 0, 0, 0, 0, 1, 617299803, 2, '', 12340);
DELETE FROM `npc_vendor` WHERE (`entry`=700501);
INSERT INTO `npc_vendor` (`entry`, `slot`, `item`, `maxcount`, `incrtime`, `ExtendedCost`) VALUES 
(700501, 0, 28963, 0, 0, 0),
(700501, 0, 28964, 0, 0, 0),
(700501, 0, 28966, 0, 0, 0),
(700501, 0, 28967, 0, 0, 0),
(700501, 0, 28968, 0, 0, 0),
(700501, 0, 29011, 0, 0, 0),
(700501, 0, 29012, 0, 0, 0),
(700501, 0, 29015, 0, 0, 0),
(700501, 0, 29016, 0, 0, 0),
(700501, 0, 29017, 0, 0, 0),
(700501, 0, 29019, 0, 0, 0),
(700501, 0, 29020, 0, 0, 0),
(700501, 0, 29021, 0, 0, 0),
(700501, 0, 29022, 0, 0, 0),
(700501, 0, 29023, 0, 0, 0),
(700501, 0, 29028, 0, 0, 0),
(700501, 0, 29029, 0, 0, 0),
(700501, 0, 29030, 0, 0, 0),
(700501, 0, 29031, 0, 0, 0),
(700501, 0, 29032, 0, 0, 0),
(700501, 0, 29033, 0, 0, 0),
(700501, 0, 29034, 0, 0, 0),
(700501, 0, 29035, 0, 0, 0),
(700501, 0, 29036, 0, 0, 0),
(700501, 0, 29037, 0, 0, 0),
(700501, 0, 29038, 0, 0, 0),
(700501, 0, 29039, 0, 0, 0),
(700501, 0, 29040, 0, 0, 0),
(700501, 0, 29042, 0, 0, 0),
(700501, 0, 29043, 0, 0, 0),
(700501, 0, 29044, 0, 0, 0),
(700501, 0, 29045, 0, 0, 0),
(700501, 0, 29046, 0, 0, 0),
(700501, 0, 29047, 0, 0, 0),
(700501, 0, 29048, 0, 0, 0),
(700501, 0, 29049, 0, 0, 0),
(700501, 0, 29050, 0, 0, 0),
(700501, 0, 29053, 0, 0, 0),
(700501, 0, 29054, 0, 0, 0),
(700501, 0, 29055, 0, 0, 0),
(700501, 0, 29056, 0, 0, 0),
(700501, 0, 29057, 0, 0, 0),
(700501, 0, 29058, 0, 0, 0),
(700501, 0, 29059, 0, 0, 0),
(700501, 0, 29060, 0, 0, 0),
(700501, 0, 29061, 0, 0, 0),
(700501, 0, 29062, 0, 0, 0),
(700501, 0, 29063, 0, 0, 0),
(700501, 0, 29064, 0, 0, 0),
(700501, 0, 29065, 0, 0, 0),
(700501, 0, 29066, 0, 0, 0),
(700501, 0, 29067, 0, 0, 0),
(700501, 0, 29068, 0, 0, 0),
(700501, 0, 29069, 0, 0, 0),
(700501, 0, 29070, 0, 0, 0),
(700501, 0, 29071, 0, 0, 0),
(700501, 0, 29072, 0, 0, 0),
(700501, 0, 29073, 0, 0, 0),
(700501, 0, 29074, 0, 0, 0),
(700501, 0, 29075, 0, 0, 0),
(700501, 0, 29076, 0, 0, 0),
(700501, 0, 29077, 0, 0, 0),
(700501, 0, 29078, 0, 0, 0),
(700501, 0, 29079, 0, 0, 0),
(700501, 0, 29080, 0, 0, 0),
(700501, 0, 29081, 0, 0, 0),
(700501, 0, 29082, 0, 0, 0),
(700501, 0, 29083, 0, 0, 0),
(700501, 0, 29084, 0, 0, 0),
(700501, 0, 29085, 0, 0, 0),
(700501, 0, 29086, 0, 0, 0),
(700501, 0, 29087, 0, 0, 0),
(700501, 0, 29088, 0, 0, 0),
(700501, 0, 29089, 0, 0, 0),
(700501, 0, 29090, 0, 0, 0),
(700501, 0, 29096, 0, 0, 0),
(700501, 0, 29097, 0, 0, 0),
(700501, 0, 29098, 0, 0, 0),
(700501, 0, 29099, 0, 0, 0),
(700501, 0, 29100, 0, 0, 0);
REPLACE INTO `creature_template` (`entry`, `difficulty_entry_1`, `difficulty_entry_2`, `difficulty_entry_3`, `KillCredit1`, `KillCredit2`, `modelid1`, `modelid2`, `modelid3`, `modelid4`, `name`, `subname`, `IconName`, `gossip_menu_id`, `minlevel`, `maxlevel`, `exp`, `faction_A`, `faction_H`, `npcflag`, `speed_walk`, `speed_run`, `scale`, `rank`, `mindmg`, `maxdmg`, `dmgschool`, `attackpower`, `dmg_multiplier`, `baseattacktime`, `rangeattacktime`, `unit_class`, `unit_flags`, `dynamicflags`, `family`, `trainer_type`, `trainer_spell`, `trainer_class`, `trainer_race`, `minrangedmg`, `maxrangedmg`, `rangedattackpower`, `type`, `type_flags`, `lootid`, `pickpocketloot`, `skinloot`, `resistance1`, `resistance2`, `resistance3`, `resistance4`, `resistance5`, `resistance6`, `spell1`, `spell2`, `spell3`, `spell4`, `spell5`, `spell6`, `spell7`, `spell8`, `PetSpellDataId`, `VehicleId`, `mingold`, `maxgold`, `AIName`, `MovementType`, `InhabitType`, `Health_mod`, `Mana_mod`, `Armor_mod`, `RacialLeader`, `questItem1`, `questItem2`, `questItem3`, `questItem4`, `questItem5`, `questItem6`, `movementId`, `RegenHealth`, `mechanic_immune_mask`, `flags_extra`, `ScriptName`, `WDBVerified`) VALUES (700502, 0, 0, 0, 0, 0, 18718, 0, 0, 0, 'Medivh', 'Tier 5 Set Vendor', '', 0, 83, 83, 0, 35, 35, 4224, 2, 2, 1, 2, 218, 326, 0, 82, 88.6, 1000, 1000, 2, 2, 8, 0, 0, 0, 0, 0, 174, 261, 66, 7, 2, 0, 0, 0, 0, 0, 0, 0, 0, 0, 0, 0, 0, 0, 0, 0, 0, 0, 0, 0, 1000, 1000, '', 0, 3, 100, 50, 10, 0, 0, 0, 0, 0, 0, 0, 0, 1, 617299803, 2, '', 12340);
DELETE FROM `npc_vendor` WHERE (`entry`=700502);
INSERT INTO `npc_vendor` (`entry`, `slot`, `item`, `maxcount`, `incrtime`, `ExtendedCost`) VALUES 
(700502, 0, 30113, 0, 0, 0),
(700502, 0, 30114, 0, 0, 0),
(700502, 0, 30115, 0, 0, 0),
(700502, 0, 30116, 0, 0, 0),
(700502, 0, 30117, 0, 0, 0),
(700502, 0, 30118, 0, 0, 0),
(700502, 0, 30119, 0, 0, 0),
(700502, 0, 30120, 0, 0, 0),
(700502, 0, 30121, 0, 0, 0),
(700502, 0, 30122, 0, 0, 0),
(700502, 0, 30123, 0, 0, 0),
(700502, 0, 30124, 0, 0, 0),
(700502, 0, 30125, 0, 0, 0),
(700502, 0, 30126, 0, 0, 0),
(700502, 0, 30127, 0, 0, 0),
(700502, 0, 30129, 0, 0, 0),
(700502, 0, 30130, 0, 0, 0),
(700502, 0, 30131, 0, 0, 0),
(700502, 0, 30132, 0, 0, 0),
(700502, 0, 30133, 0, 0, 0),
(700502, 0, 30134, 0, 0, 0),
(700502, 0, 30135, 0, 0, 0),
(700502, 0, 30136, 0, 0, 0),
(700502, 0, 30137, 0, 0, 0),
(700502, 0, 30138, 0, 0, 0),
(700502, 0, 30139, 0, 0, 0),
(700502, 0, 30140, 0, 0, 0),
(700502, 0, 30141, 0, 0, 0),
(700502, 0, 30142, 0, 0, 0),
(700502, 0, 30143, 0, 0, 0),
(700502, 0, 30144, 0, 0, 0),
(700502, 0, 30145, 0, 0, 0),
(700502, 0, 30146, 0, 0, 0),
(700502, 0, 30148, 0, 0, 0),
(700502, 0, 30149, 0, 0, 0),
(700502, 0, 30150, 0, 0, 0),
(700502, 0, 30151, 0, 0, 0),
(700502, 0, 30152, 0, 0, 0),
(700502, 0, 30153, 0, 0, 0),
(700502, 0, 30154, 0, 0, 0),
(700502, 0, 30159, 0, 0, 0),
(700502, 0, 30160, 0, 0, 0),
(700502, 0, 30161, 0, 0, 0),
(700502, 0, 30162, 0, 0, 0),
(700502, 0, 30163, 0, 0, 0),
(700502, 0, 30164, 0, 0, 0),
(700502, 0, 30165, 0, 0, 0),
(700502, 0, 30166, 0, 0, 0),
(700502, 0, 30167, 0, 0, 0),
(700502, 0, 30168, 0, 0, 0),
(700502, 0, 30169, 0, 0, 0),
(700502, 0, 30170, 0, 0, 0),
(700502, 0, 30171, 0, 0, 0),
(700502, 0, 30172, 0, 0, 0),
(700502, 0, 30173, 0, 0, 0),
(700502, 0, 30185, 0, 0, 0),
(700502, 0, 30189, 0, 0, 0),
(700502, 0, 30190, 0, 0, 0),
(700502, 0, 30192, 0, 0, 0),
(700502, 0, 30194, 0, 0, 0),
(700502, 0, 30196, 0, 0, 0),
(700502, 0, 30205, 0, 0, 0),
(700502, 0, 30206, 0, 0, 0),
(700502, 0, 30207, 0, 0, 0),
(700502, 0, 30210, 0, 0, 0),
(700502, 0, 30211, 0, 0, 0),
(700502, 0, 30212, 0, 0, 0),
(700502, 0, 30213, 0, 0, 0),
(700502, 0, 30214, 0, 0, 0),
(700502, 0, 30215, 0, 0, 0),
(700502, 0, 30216, 0, 0, 0),
(700502, 0, 30217, 0, 0, 0),
(700502, 0, 30219, 0, 0, 0),
(700502, 0, 30220, 0, 0, 0),
(700502, 0, 30221, 0, 0, 0),
(700502, 0, 30222, 0, 0, 0),
(700502, 0, 30223, 0, 0, 0),
(700502, 0, 30228, 0, 0, 0),
(700502, 0, 30229, 0, 0, 0),
(700502, 0, 30230, 0, 0, 0),
(700502, 0, 30231, 0, 0, 0),
(700502, 0, 30232, 0, 0, 0),
(700502, 0, 30233, 0, 0, 0),
(700502, 0, 30234, 0, 0, 0),
(700502, 0, 30235, 0, 0, 0);
REPLACE INTO `creature_template` (`entry`, `difficulty_entry_1`, `difficulty_entry_2`, `difficulty_entry_3`, `KillCredit1`, `KillCredit2`, `modelid1`, `modelid2`, `modelid3`, `modelid4`, `name`, `subname`, `IconName`, `gossip_menu_id`, `minlevel`, `maxlevel`, `exp`, `faction_A`, `faction_H`, `npcflag`, `speed_walk`, `speed_run`, `scale`, `rank`, `mindmg`, `maxdmg`, `dmgschool`, `attackpower`, `dmg_multiplier`, `baseattacktime`, `rangeattacktime`, `unit_class`, `unit_flags`, `dynamicflags`, `family`, `trainer_type`, `trainer_spell`, `trainer_class`, `trainer_race`, `minrangedmg`, `maxrangedmg`, `rangedattackpower`, `type`, `type_flags`, `lootid`, `pickpocketloot`, `skinloot`, `resistance1`, `resistance2`, `resistance3`, `resistance4`, `resistance5`, `resistance6`, `spell1`, `spell2`, `spell3`, `spell4`, `spell5`, `spell6`, `spell7`, `spell8`, `PetSpellDataId`, `VehicleId`, `mingold`, `maxgold`, `AIName`, `MovementType`, `InhabitType`, `Health_mod`, `Mana_mod`, `Armor_mod`, `RacialLeader`, `questItem1`, `questItem2`, `questItem3`, `questItem4`, `questItem5`, `questItem6`, `movementId`, `RegenHealth`, `mechanic_immune_mask`, `flags_extra`, `ScriptName`, `WDBVerified`) VALUES (200098, 0, 0, 0, 0, 0, 30453, 0, 30453, 0, 'Tier 7 Sets', 'PVE Sets', '', 0, 83, 83, 0, 35, 35, 4224, 2, 2, 1, 2, 326, 490, 0, 122, 2451, 1500, 1500, 2, 2, 0, 0, 0, 0, 0, 0, 261, 392, 98, 7, 2, 0, 0, 0, 0, 0, 0, 0, 0, 0, 0, 0, 0, 0, 0, 0, 0, 0, 0, 0, 1000, 1000, '', 0, 3, 100, 50, 10, 0, 0, 0, 0, 0, 0, 0, 0, 1, 0, 2, '', 12340);
DELETE FROM `npc_vendor` WHERE (`entry`=200098);
INSERT INTO `npc_vendor` (`entry`, `slot`, `item`, `maxcount`, `incrtime`, `ExtendedCost`) VALUES 
(200098, 0, 40415, 0, 0, 0),
(200098, 0, 40416, 0, 0, 0),
(200098, 0, 40417, 0, 0, 0),
(200098, 0, 40418, 0, 0, 0),
(200098, 0, 40419, 0, 0, 0),
(200098, 0, 40420, 0, 0, 0),
(200098, 0, 40421, 0, 0, 0),
(200098, 0, 40422, 0, 0, 0),
(200098, 0, 40423, 0, 0, 0),
(200098, 0, 40424, 0, 0, 0),
(200098, 0, 40445, 0, 0, 0),
(200098, 0, 40447, 0, 0, 0),
(200098, 0, 40448, 0, 0, 0),
(200098, 0, 40449, 0, 0, 0),
(200098, 0, 40450, 0, 0, 0),
(200098, 0, 40454, 0, 0, 0),
(200098, 0, 40456, 0, 0, 0),
(200098, 0, 40457, 0, 0, 0),
(200098, 0, 40458, 0, 0, 0),
(200098, 0, 40459, 0, 0, 0),
(200098, 0, 40460, 0, 0, 0),
(200098, 0, 40461, 0, 0, 0),
(200098, 0, 40462, 0, 0, 0),
(200098, 0, 40463, 0, 0, 0),
(200098, 0, 40465, 0, 0, 0),
(200098, 0, 40466, 0, 0, 0),
(200098, 0, 40467, 0, 0, 0),
(200098, 0, 40468, 0, 0, 0),
(200098, 0, 40469, 0, 0, 0),
(200098, 0, 40470, 0, 0, 0),
(200098, 0, 40471, 0, 0, 0),
(200098, 0, 40472, 0, 0, 0),
(200098, 0, 40473, 0, 0, 0),
(200098, 0, 40493, 0, 0, 0),
(200098, 0, 40494, 0, 0, 0),
(200098, 0, 40495, 0, 0, 0),
(200098, 0, 40496, 0, 0, 0),
(200098, 0, 40499, 0, 0, 0),
(200098, 0, 40500, 0, 0, 0),
(200098, 0, 40502, 0, 0, 0),
(200098, 0, 40503, 0, 0, 0),
(200098, 0, 40504, 0, 0, 0),
(200098, 0, 40505, 0, 0, 0),
(200098, 0, 40506, 0, 0, 0),
(200098, 0, 40507, 0, 0, 0),
(200098, 0, 40508, 0, 0, 0),
(200098, 0, 40509, 0, 0, 0),
(200098, 0, 40510, 0, 0, 0),
(200098, 0, 40512, 0, 0, 0),
(200098, 0, 40513, 0, 0, 0),
(200098, 0, 40514, 0, 0, 0),
(200098, 0, 40515, 0, 0, 0),
(200098, 0, 40516, 0, 0, 0),
(200098, 0, 40517, 0, 0, 0),
(200098, 0, 40518, 0, 0, 0),
(200098, 0, 40520, 0, 0, 0),
(200098, 0, 40521, 0, 0, 0),
(200098, 0, 40522, 0, 0, 0),
(200098, 0, 40523, 0, 0, 0),
(200098, 0, 40524, 0, 0, 0),
(200098, 0, 40525, 0, 0, 0),
(200098, 0, 40527, 0, 0, 0),
(200098, 0, 40528, 0, 0, 0),
(200098, 0, 40529, 0, 0, 0),
(200098, 0, 40530, 0, 0, 0),
(200098, 0, 40544, 0, 0, 0),
(200098, 0, 40545, 0, 0, 0),
(200098, 0, 40546, 0, 0, 0),
(200098, 0, 40547, 0, 0, 0),
(200098, 0, 40548, 0, 0, 0),
(200098, 0, 40550, 0, 0, 0),
(200098, 0, 40552, 0, 0, 0),
(200098, 0, 40554, 0, 0, 0),
(200098, 0, 40556, 0, 0, 0),
(200098, 0, 40557, 0, 0, 0),
(200098, 0, 40559, 0, 0, 0),
(200098, 0, 40563, 0, 0, 0),
(200098, 0, 40565, 0, 0, 0),
(200098, 0, 40567, 0, 0, 0),
(200098, 0, 40568, 0, 0, 0),
(200098, 0, 40569, 0, 0, 0),
(200098, 0, 40570, 0, 0, 0),
(200098, 0, 40571, 0, 0, 0),
(200098, 0, 40572, 0, 0, 0),
(200098, 0, 40573, 0, 0, 0),
(200098, 0, 40574, 0, 0, 0),
(200098, 0, 40575, 0, 0, 0),
(200098, 0, 40576, 0, 0, 0),
(200098, 0, 40577, 0, 0, 0),
(200098, 0, 40578, 0, 0, 0),
(200098, 0, 40579, 0, 0, 0),
(200098, 0, 40580, 0, 0, 0),
(200098, 0, 40581, 0, 0, 0),
(200098, 0, 40583, 0, 0, 0),
(200098, 0, 40584, 0, 0, 0);
REPLACE INTO `creature_template` (`entry`, `difficulty_entry_1`, `difficulty_entry_2`, `difficulty_entry_3`, `KillCredit1`, `KillCredit2`, `modelid1`, `modelid2`, `modelid3`, `modelid4`, `name`, `subname`, `IconName`, `gossip_menu_id`, `minlevel`, `maxlevel`, `exp`, `faction_A`, `faction_H`, `npcflag`, `speed_walk`, `speed_run`, `scale`, `rank`, `mindmg`, `maxdmg`, `dmgschool`, `attackpower`, `dmg_multiplier`, `baseattacktime`, `rangeattacktime`, `unit_class`, `unit_flags`, `dynamicflags`, `family`, `trainer_type`, `trainer_spell`, `trainer_class`, `trainer_race`, `minrangedmg`, `maxrangedmg`, `rangedattackpower`, `type`, `type_flags`, `lootid`, `pickpocketloot`, `skinloot`, `resistance1`, `resistance2`, `resistance3`, `resistance4`, `resistance5`, `resistance6`, `spell1`, `spell2`, `spell3`, `spell4`, `spell5`, `spell6`, `spell7`, `spell8`, `PetSpellDataId`, `VehicleId`, `mingold`, `maxgold`, `AIName`, `MovementType`, `InhabitType`, `Health_mod`, `Mana_mod`, `Armor_mod`, `RacialLeader`, `questItem1`, `questItem2`, `questItem3`, `questItem4`, `questItem5`, `questItem6`, `movementId`, `RegenHealth`, `mechanic_immune_mask`, `flags_extra`, `ScriptName`, `WDBVerified`) VALUES (200097, 0, 0, 0, 0, 0, 19744, 0, 19744, 0, 'Tier 8 Sets', 'PVE Sets', '', 0, 83, 83, 0, 35, 35, 4224, 2, 2, 1, 2, 326, 490, 0, 122, 245.1, 1500, 1500, 2, 2, 0, 0, 0, 0, 0, 0, 261, 392, 98, 7, 2, 0, 0, 0, 0, 0, 0, 0, 0, 0, 0, 0, 0, 0, 0, 0, 0, 0, 0, 0, 1000, 1000, '', 0, 3, 100, 50, 10, 0, 0, 0, 0, 0, 0, 0, 0, 1, 0, 2, '', 12340);
DELETE FROM `npc_vendor` WHERE (`entry`=200097);
INSERT INTO `npc_vendor` (`entry`, `slot`, `item`, `maxcount`, `incrtime`, `ExtendedCost`) VALUES 
(200097, 0, 46111, 0, 0, 0),
(200097, 0, 46113, 0, 0, 0),
(200097, 0, 46115, 0, 0, 0),
(200097, 0, 46116, 0, 0, 0),
(200097, 0, 46117, 0, 0, 0),
(200097, 0, 46118, 0, 0, 0),
(200097, 0, 46119, 0, 0, 0),
(200097, 0, 46120, 0, 0, 0),
(200097, 0, 46121, 0, 0, 0),
(200097, 0, 46122, 0, 0, 0),
(200097, 0, 46123, 0, 0, 0),
(200097, 0, 46124, 0, 0, 0),
(200097, 0, 46125, 0, 0, 0),
(200097, 0, 46126, 0, 0, 0),
(200097, 0, 46127, 0, 0, 0),
(200097, 0, 46129, 0, 0, 0),
(200097, 0, 46130, 0, 0, 0),
(200097, 0, 46132, 0, 0, 0),
(200097, 0, 46133, 0, 0, 0),
(200097, 0, 46134, 0, 0, 0),
(200097, 0, 46135, 0, 0, 0),
(200097, 0, 46136, 0, 0, 0),
(200097, 0, 46137, 0, 0, 0),
(200097, 0, 46139, 0, 0, 0),
(200097, 0, 46140, 0, 0, 0),
(200097, 0, 46141, 0, 0, 0),
(200097, 0, 46142, 0, 0, 0),
(200097, 0, 46143, 0, 0, 0),
(200097, 0, 46144, 0, 0, 0),
(200097, 0, 46145, 0, 0, 0),
(200097, 0, 46146, 0, 0, 0),
(200097, 0, 46148, 0, 0, 0),
(200097, 0, 46149, 0, 0, 0),
(200097, 0, 46150, 0, 0, 0),
(200097, 0, 46151, 0, 0, 0),
(200097, 0, 46152, 0, 0, 0),
(200097, 0, 46153, 0, 0, 0),
(200097, 0, 46154, 0, 0, 0),
(200097, 0, 46155, 0, 0, 0),
(200097, 0, 46156, 0, 0, 0),
(200097, 0, 46157, 0, 0, 0),
(200097, 0, 46158, 0, 0, 0),
(200097, 0, 46159, 0, 0, 0),
(200097, 0, 46160, 0, 0, 0),
(200097, 0, 46161, 0, 0, 0),
(200097, 0, 46162, 0, 0, 0),
(200097, 0, 46163, 0, 0, 0),
(200097, 0, 46164, 0, 0, 0),
(200097, 0, 46165, 0, 0, 0),
(200097, 0, 46166, 0, 0, 0),
(200097, 0, 46167, 0, 0, 0),
(200097, 0, 46168, 0, 0, 0),
(200097, 0, 46169, 0, 0, 0),
(200097, 0, 46170, 0, 0, 0),
(200097, 0, 46172, 0, 0, 0),
(200097, 0, 46173, 0, 0, 0),
(200097, 0, 46174, 0, 0, 0),
(200097, 0, 46175, 0, 0, 0),
(200097, 0, 46176, 0, 0, 0),
(200097, 0, 46177, 0, 0, 0),
(200097, 0, 46178, 0, 0, 0),
(200097, 0, 46179, 0, 0, 0),
(200097, 0, 46180, 0, 0, 0),
(200097, 0, 46181, 0, 0, 0),
(200097, 0, 46182, 0, 0, 0),
(200097, 0, 46183, 0, 0, 0),
(200097, 0, 46184, 0, 0, 0),
(200097, 0, 46185, 0, 0, 0),
(200097, 0, 46186, 0, 0, 0),
(200097, 0, 46187, 0, 0, 0),
(200097, 0, 46188, 0, 0, 0),
(200097, 0, 46189, 0, 0, 0),
(200097, 0, 46190, 0, 0, 0),
(200097, 0, 46191, 0, 0, 0),
(200097, 0, 46192, 0, 0, 0),
(200097, 0, 46193, 0, 0, 0),
(200097, 0, 46194, 0, 0, 0),
(200097, 0, 46195, 0, 0, 0),
(200097, 0, 46196, 0, 0, 0),
(200097, 0, 46197, 0, 0, 0),
(200097, 0, 46198, 0, 0, 0),
(200097, 0, 46199, 0, 0, 0),
(200097, 0, 46200, 0, 0, 0),
(200097, 0, 46201, 0, 0, 0),
(200097, 0, 46202, 0, 0, 0),
(200097, 0, 46203, 0, 0, 0),
(200097, 0, 46204, 0, 0, 0),
(200097, 0, 46205, 0, 0, 0),
(200097, 0, 46206, 0, 0, 0),
(200097, 0, 46207, 0, 0, 0),
(200097, 0, 46208, 0, 0, 0),
(200097, 0, 46209, 0, 0, 0),
(200097, 0, 46210, 0, 0, 0),
(200097, 0, 46211, 0, 0, 0),
(200097, 0, 46212, 0, 0, 0);

REPLACE INTO `creature_template` (`entry`, `difficulty_entry_1`, `difficulty_entry_2`, `difficulty_entry_3`, `KillCredit1`, `KillCredit2`, `modelid1`, `modelid2`, `modelid3`, `modelid4`, `name`, `subname`, `IconName`, `gossip_menu_id`, `minlevel`, `maxlevel`, `exp`, `faction_A`, `faction_H`, `npcflag`, `speed_walk`, `speed_run`, `scale`, `rank`, `mindmg`, `maxdmg`, `dmgschool`, `attackpower`, `dmg_multiplier`, `baseattacktime`, `rangeattacktime`, `unit_class`, `unit_flags`, `dynamicflags`, `family`, `trainer_type`, `trainer_spell`, `trainer_class`, `trainer_race`, `minrangedmg`, `maxrangedmg`, `rangedattackpower`, `type`, `type_flags`, `lootid`, `pickpocketloot`, `skinloot`, `resistance1`, `resistance2`, `resistance3`, `resistance4`, `resistance5`, `resistance6`, `spell1`, `spell2`, `spell3`, `spell4`, `spell5`, `spell6`, `spell7`, `spell8`, `PetSpellDataId`, `VehicleId`, `mingold`, `maxgold`, `AIName`, `MovementType`, `InhabitType`, `Health_mod`, `Mana_mod`, `Armor_mod`, `RacialLeader`, `questItem1`, `questItem2`, `questItem3`, `questItem4`, `questItem5`, `questItem6`, `movementId`, `RegenHealth`, `mechanic_immune_mask`, `flags_extra`, `ScriptName`, `WDBVerified`) VALUES (500049, 0, 0, 0, 0, 0, 18239, 0, 0, 0, 'Item Enhancements (Permanent)', 'Miscellaneous', '', 0, 80, 80, 0, 35, 35, 4225, 1, 1.14286, 0.25, 3, 500, 5000, 0, 0, 1, 0, 0, 1, 0, 0, 0, 0, 0, 0, 0, 0, 0, 0, 0, 0, 0, 0, 0, 0, 0, 0, 0, 0, 0, 0, 0, 0, 0, 0, 0, 0, 0, 0, 0, 0, 0, '', 0, 3, 1, 1, 1, 0, 0, 0, 0, 0, 0, 0, 0, 1, 0, 0, 0, 0);

DELETE FROM `npc_vendor` WHERE (`entry`=500049);
INSERT INTO `npc_vendor` (`entry`, `slot`, `item`, `maxcount`, `incrtime`, `ExtendedCost`) VALUES 
(500049, 0, 2304, 0, 0, 0),
(500049, 0, 2313, 0, 0, 0),
(500049, 0, 4265, 0, 0, 0),
(500049, 0, 4405, 0, 0, 0),
(500049, 0, 4406, 0, 0, 0),
(500049, 0, 4407, 0, 0, 0),
(500049, 0, 6041, 0, 0, 0),
(500049, 0, 6042, 0, 0, 0),
(500049, 0, 6043, 0, 0, 0),
(500049, 0, 7967, 0, 0, 0),
(500049, 0, 7969, 0, 0, 0),
(500049, 0, 8173, 0, 0, 0),
(500049, 0, 10546, 0, 0, 0),
(500049, 0, 10548, 0, 0, 0),
(500049, 0, 12645, 0, 0, 0),
(500049, 0, 15564, 0, 0, 0),
(500049, 0, 18251, 0, 0, 0),
(500049, 0, 18283, 0, 0, 0),
(500049, 0, 19971, 0, 0, 0),
(500049, 0, 23530, 0, 0, 0),
(500049, 0, 23764, 0, 0, 0),
(500049, 0, 23765, 0, 0, 0),
(500049, 0, 23766, 0, 0, 0),
(500049, 0, 24273, 0, 0, 0),
(500049, 0, 24274, 0, 0, 0),
(500049, 0, 24275, 0, 0, 0),
(500049, 0, 24276, 0, 0, 0),
(500049, 0, 25650, 0, 0, 0),
(500049, 0, 25651, 0, 0, 0),
(500049, 0, 25652, 0, 0, 0),
(500049, 0, 28878, 0, 0, 0),
(500049, 0, 28881, 0, 0, 0),
(500049, 0, 28882, 0, 0, 0),
(500049, 0, 28885, 0, 0, 0),
(500049, 0, 28886, 0, 0, 0),
(500049, 0, 28887, 0, 0, 0),
(500049, 0, 28888, 0, 0, 0),
(500049, 0, 28889, 0, 0, 0),
(500049, 0, 28903, 0, 0, 0),
(500049, 0, 28904, 0, 0, 0),
(500049, 0, 28907, 0, 0, 0),
(500049, 0, 28908, 0, 0, 0),
(500049, 0, 28909, 0, 0, 0),
(500049, 0, 28910, 0, 0, 0),
(500049, 0, 28911, 0, 0, 0),
(500049, 0, 28912, 0, 0, 0),
(500049, 0, 29186, 0, 0, 0),
(500049, 0, 29187, 0, 0, 0),
(500049, 0, 29189, 0, 0, 0),
(500049, 0, 29190, 0, 0, 0),
(500049, 0, 29191, 0, 0, 0),
(500049, 0, 29192, 0, 0, 0),
(500049, 0, 29193, 0, 0, 0),
(500049, 0, 29194, 0, 0, 0),
(500049, 0, 29195, 0, 0, 0),
(500049, 0, 29196, 0, 0, 0),
(500049, 0, 29197, 0, 0, 0),
(500049, 0, 29198, 0, 0, 0),
(500049, 0, 29199, 0, 0, 0),
(500049, 0, 29533, 0, 0, 0),
(500049, 0, 29534, 0, 0, 0),
(500049, 0, 29535, 0, 0, 0),
(500049, 0, 29536, 0, 0, 0),
(500049, 0, 30846, 0, 0, 0),
(500049, 0, 33185, 0, 0, 0),
(500049, 0, 34207, 0, 0, 0),
(500049, 0, 34330, 0, 0, 0),
(500049, 0, 34836, 0, 0, 0),
(500049, 0, 38371, 0, 0, 0),
(500049, 0, 38372, 0, 0, 0),
(500049, 0, 38373, 0, 0, 0),
(500049, 0, 38374, 0, 0, 0),
(500049, 0, 38375, 0, 0, 0),
(500049, 0, 38376, 0, 0, 0),
(500049, 0, 41146, 0, 0, 0),
(500049, 0, 41167, 0, 0, 0),
(500049, 0, 41601, 0, 0, 0),
(500049, 0, 41602, 0, 0, 0),
(500049, 0, 41603, 0, 0, 0),
(500049, 0, 41604, 0, 0, 0),
(500049, 0, 41611, 0, 0, 0),
(500049, 0, 41976, 0, 0, 0),
(500049, 0, 42500, 0, 0, 0),
(500049, 0, 44067, 0, 0, 0),
(500049, 0, 44068, 0, 0, 0),
(500049, 0, 44069, 0, 0, 0),
(500049, 0, 44075, 0, 0, 0),
(500049, 0, 44129, 0, 0, 0),
(500049, 0, 44130, 0, 0, 0),
(500049, 0, 44131, 0, 0, 0),
(500049, 0, 44132, 0, 0, 0),
(500049, 0, 44137, 0, 0, 0),
(500049, 0, 44138, 0, 0, 0),
(500049, 0, 44139, 0, 0, 0),
(500049, 0, 44140, 0, 0, 0),
(500049, 0, 44141, 0, 0, 0),
(500049, 0, 44739, 0, 0, 0),
(500049, 0, 44936, 0, 0, 0),
(500049, 0, 44957, 0, 0, 0),
(500049, 0, 44963, 0, 0, 0),
(500049, 0, 50335, 0, 0, 0),
(500049, 0, 50336, 0, 0, 0),
(500049, 0, 50337, 0, 0, 0),
(500049, 0, 50338, 0, 0, 0),
(500049, 0, 50367, 0, 0, 0),
(500049, 0, 50368, 0, 0, 0),
(500049, 0, 50369, 0, 0, 0),
(500049, 0, 50370, 0, 0, 0),
(500049, 0, 50372, 0, 0, 0),
(500049, 0, 50373, 0, 0, 0);

DELETE FROM `npc_vendor` WHERE (`entry`=200068);
INSERT INTO `npc_vendor` (`entry`, `slot`, `item`, `maxcount`, `incrtime`, `ExtendedCost`) VALUES 
(200068, 0, 40207, 0, 0, 0),
(200068, 0, 45145, 0, 0, 0),
(200068, 0, 45169, 0, 0, 0),
(200068, 0, 45254, 0, 0, 0),
(200068, 0, 45510, 0, 0, 0),
(200068, 0, 47661, 0, 0, 0),
(200068, 0, 47668, 0, 0, 0),
(200068, 0, 47671, 0, 0, 0),
(200068, 0, 47673, 0, 0, 0),
(200068, 0, 50454, 0, 0, 0),
(200068, 0, 50455, 0, 0, 0),
(200068, 0, 50456, 0, 0, 0),
(200068, 0, 50457, 0, 0, 0),
(200068, 0, 50458, 0, 0, 0),
(200068, 0, 50459, 0, 0, 0),
(200068, 0, 50460, 0, 0, 0),
(200068, 0, 50461, 0, 0, 0),
(200068, 0, 50462, 0, 0, 0),
(200068, 0, 50463, 0, 0, 0),
(200068, 0, 50464, 0, 0, 0),
(200068, 0, 51417, 0, 0, 0),
(200068, 0, 51423, 0, 0, 0),
(200068, 0, 51429, 0, 0, 0),
(200068, 0, 51437, 0, 0, 0),
(200068, 0, 51472, 0, 0, 0),
(200068, 0, 51478, 0, 0, 0),
(200068, 0, 51501, 0, 0, 0),
(200068, 0, 51507, 0, 0, 0),
(200068, 0, 51513, 0, 0, 0);

REPLACE INTO `creature_template` (`entry`, `difficulty_entry_1`, `difficulty_entry_2`, `difficulty_entry_3`, `KillCredit1`, `KillCredit2`, `modelid1`, `modelid2`, `modelid3`, `modelid4`, `name`, `subname`, `IconName`, `gossip_menu_id`, `minlevel`, `maxlevel`, `exp`, `faction_A`, `faction_H`, `npcflag`, `speed_walk`, `speed_run`, `scale`, `rank`, `mindmg`, `maxdmg`, `dmgschool`, `attackpower`, `dmg_multiplier`, `baseattacktime`, `rangeattacktime`, `unit_class`, `unit_flags`, `dynamicflags`, `family`, `trainer_type`, `trainer_spell`, `trainer_class`, `trainer_race`, `minrangedmg`, `maxrangedmg`, `rangedattackpower`, `type`, `type_flags`, `lootid`, `pickpocketloot`, `skinloot`, `resistance1`, `resistance2`, `resistance3`, `resistance4`, `resistance5`, `resistance6`, `spell1`, `spell2`, `spell3`, `spell4`, `spell5`, `spell6`, `spell7`, `spell8`, `PetSpellDataId`, `VehicleId`, `mingold`, `maxgold`, `AIName`, `MovementType`, `InhabitType`, `Health_mod`, `Mana_mod`, `Armor_mod`, `RacialLeader`, `questItem1`, `questItem2`, `questItem3`, `questItem4`, `questItem5`, `questItem6`, `movementId`, `RegenHealth`, `mechanic_immune_mask`, `flags_extra`, `ScriptName`, `WDBVerified`) VALUES (2001180, 0, 0, 0, 0, 0, 22931, 22931, 657, 0, 'TOP', '', '', 0, 80, 80, 0, 35, 35, 4224, 1, 1.14286, 1, 1, 50, 150, 0, 1000, 1, 2000, 0, 1, 2, 0, 0, 0, 0, 0, 0, 0, 0, 0, 7, 2, 0, 0, 0, 0, 0, 0, 0, 0, 0, 0, 0, 0, 0, 0, 0, 0, 0, 0, 0, 0, 0, '', 0, 3, 10, 1, 1, 0, 0, 0, 0, 0, 0, 0, 0, 1, 0, 0, '', 1);
DELETE FROM `npc_vendor` WHERE (`entry`=2001180);
INSERT INTO `npc_vendor` (`entry`, `slot`, `item`, `maxcount`, `incrtime`, `ExtendedCost`) VALUES 
(2001180, 0, 47131, 0, 0, 2),
(2001180, 0, 47464, 0, 0, 2),
(2001180, 0, 49623, 0, 0, 2),
(2001180, 0, 50035, 0, 0, 2),
(2001180, 0, 50343, 0, 0, 2),
(2001180, 0, 50348, 0, 0, 2),
(2001180, 0, 50355, 0, 0, 2),
(2001180, 0, 50358, 0, 0, 2),
(2001180, 0, 50363, 0, 0, 2),
(2001180, 0, 50365, 0, 0, 2),
(2001180, 0, 50366, 0, 0, 2),
(2001180, 0, 50603, 0, 0, 2),
(2001180, 0, 50608, 0, 0, 2),
(2001180, 0, 50621, 0, 0, 2),
(2001180, 0, 50638, 0, 0, 0),
(2001180, 0, 50641, 0, 0, 2),
(2001180, 0, 50648, 0, 0, 2),
(2001180, 0, 50672, 0, 0, 2),
(2001180, 0, 50676, 0, 0, 2),
(2001180, 0, 50692, 0, 0, 2),
(2001180, 0, 50704, 0, 0, 2),
(2001180, 0, 50706, 0, 0, 2),
(2001180, 0, 50708, 0, 0, 2),
(2001180, 0, 50709, 0, 0, 2),
(2001180, 0, 50710, 0, 0, 2),
(2001180, 0, 50726, 0, 0, 2),
(2001180, 0, 50730, 0, 0, 2),
(2001180, 0, 50731, 0, 0, 2),
(2001180, 0, 50732, 0, 0, 2),
(2001180, 0, 50733, 0, 0, 2),
(2001180, 0, 50734, 0, 0, 2),
(2001180, 0, 50735, 0, 0, 2),
(2001180, 0, 50736, 0, 0, 2),
(2001180, 0, 50737, 0, 0, 2),
(2001180, 0, 50738, 0, 0, 2),
(2001180, 0, 51377, 0, 0, 0),
(2001180, 0, 51378, 0, 0, 0),
(2001180, 0, 51452, 0, 0, 2),
(2001180, 0, 51455, 0, 0, 2),
(2001180, 0, 51533, 0, 0, 2),
(2001180, 0, 51833, 0, 0, 2),
(2001180, 0, 51834, 0, 0, 2),
(2001180, 0, 51869, 0, 0, 2),
(2001180, 0, 51893, 0, 0, 2),
(2001180, 0, 51927, 0, 0, 0),
(2001180, 0, 54588, 0, 0, 2),
(2001180, 0, 54590, 0, 0, 2);
REPLACE INTO `creature_template` (`entry`, `difficulty_entry_1`, `difficulty_entry_2`, `difficulty_entry_3`, `KillCredit1`, `KillCredit2`, `modelid1`, `modelid2`, `modelid3`, `modelid4`, `name`, `subname`, `IconName`, `gossip_menu_id`, `minlevel`, `maxlevel`, `exp`, `faction_A`, `faction_H`, `npcflag`, `speed_walk`, `speed_run`, `scale`, `rank`, `mindmg`, `maxdmg`, `dmgschool`, `attackpower`, `dmg_multiplier`, `baseattacktime`, `rangeattacktime`, `unit_class`, `unit_flags`, `dynamicflags`, `family`, `trainer_type`, `trainer_spell`, `trainer_class`, `trainer_race`, `minrangedmg`, `maxrangedmg`, `rangedattackpower`, `type`, `type_flags`, `lootid`, `pickpocketloot`, `skinloot`, `resistance1`, `resistance2`, `resistance3`, `resistance4`, `resistance5`, `resistance6`, `spell1`, `spell2`, `spell3`, `spell4`, `spell5`, `spell6`, `spell7`, `spell8`, `PetSpellDataId`, `VehicleId`, `mingold`, `maxgold`, `AIName`, `MovementType`, `InhabitType`, `Health_mod`, `Mana_mod`, `Armor_mod`, `RacialLeader`, `questItem1`, `questItem2`, `questItem3`, `questItem4`, `questItem5`, `questItem6`, `movementId`, `RegenHealth`, `mechanic_immune_mask`, `flags_extra`, `ScriptName`, `WDBVerified`) VALUES (500123, 0, 0, 0, 0, 0, 22931, 0, 0, 0, 'Arena Season 8', 'Weapons', '', 0, 80, 80, 0, 35, 35, 4225, 1, 1.14286, 1, 3, 500, 5000, 0, 0, 1, 0, 0, 1, 0, 0, 0, 0, 0, 0, 0, 0, 0, 0, 0, 0, 0, 0, 0, 0, 0, 0, 0, 0, 0, 0, 0, 0, 0, 0, 0, 0, 0, 0, 0, 0, 0, '', 0, 3, 1, 1, 1, 0, 0, 0, 0, 0, 0, 0, 0, 1, 0, 0, 0, 0);
DELETE FROM `npc_vendor` WHERE (`entry`=500123);
INSERT INTO `npc_vendor` (`entry`, `slot`, `item`, `maxcount`, `incrtime`, `ExtendedCost`) VALUES 
(500123, 0, 51388, 0, 0, 2),
(500123, 0, 51389, 0, 0, 2),
(500123, 0, 51390, 0, 0, 2),
(500123, 0, 51391, 0, 0, 2),
(500123, 0, 51392, 0, 0, 2),
(500123, 0, 51393, 0, 0, 2),
(500123, 0, 51394, 0, 0, 2),
(500123, 0, 51395, 0, 0, 2),
(500123, 0, 51397, 0, 0, 2),
(500123, 0, 51398, 0, 0, 2),
(500123, 0, 51399, 0, 0, 2),
(500123, 0, 51400, 0, 0, 2),
(500123, 0, 51401, 0, 0, 2),
(500123, 0, 51402, 0, 0, 2),
(500123, 0, 51403, 0, 0, 2),
(500123, 0, 51404, 0, 0, 2),
(500123, 0, 51405, 0, 0, 2),
(500123, 0, 51406, 0, 0, 2),
(500123, 0, 51410, 0, 0, 2),
(500123, 0, 51411, 0, 0, 2),
(500123, 0, 51412, 0, 0, 2),
(500123, 0, 51431, 0, 0, 0),
(500123, 0, 51431, 0, 0, 2),
(500123, 0, 51432, 0, 0, 2),
(500123, 0, 51439, 0, 0, 2),
(500123, 0, 51440, 0, 0, 2),
(500123, 0, 51441, 0, 0, 2),
(500123, 0, 51442, 0, 0, 2),
(500123, 0, 51443, 0, 0, 2),
(500123, 0, 51444, 0, 0, 2),
(500123, 0, 51445, 0, 0, 2),
(500123, 0, 51446, 0, 0, 2),
(500123, 0, 51447, 0, 0, 2),
(500123, 0, 51448, 0, 0, 2),
(500123, 0, 51450, 0, 0, 2),
(500123, 0, 51451, 0, 0, 0),
(500123, 0, 51453, 0, 0, 2),
(500123, 0, 51454, 0, 0, 2),
(500123, 0, 51456, 0, 0, 2),
(500123, 0, 51457, 0, 0, 2),
(500123, 0, 51480, 0, 0, 2),
(500123, 0, 51481, 0, 0, 2),
(500123, 0, 51515, 0, 0, 2),
(500123, 0, 51516, 0, 0, 2),
(500123, 0, 51517, 0, 0, 2),
(500123, 0, 51518, 0, 0, 2),
(500123, 0, 51519, 0, 0, 2),
(500123, 0, 51520, 0, 0, 2),
(500123, 0, 51521, 0, 0, 2),
(500123, 0, 51522, 0, 0, 2),
(500123, 0, 51523, 0, 0, 2),
(500123, 0, 51524, 0, 0, 2),
(500123, 0, 51525, 0, 0, 2),
(500123, 0, 51526, 0, 0, 2),
(500123, 0, 51527, 0, 0, 2),
(500123, 0, 51528, 0, 0, 2),
(500123, 0, 51529, 0, 0, 2),
(500123, 0, 51530, 0, 0, 2),
(500123, 0, 51531, 0, 0, 0),
(500123, 0, 51532, 0, 0, 0);

DELETE FROM `npc_vendor` WHERE (`entry`=220000);
INSERT INTO `npc_vendor` (`entry`, `slot`, `item`, `maxcount`, `incrtime`, `ExtendedCost`) VALUES 
(220000, 0, 51220, 0, 0, 2),
(220000, 0, 51221, 0, 0, 2),
(220000, 0, 51222, 0, 0, 2),
(220000, 0, 51223, 0, 0, 2),
(220000, 0, 51224, 0, 0, 2),
(220000, 0, 51225, 0, 0, 2),
(220000, 0, 51226, 0, 0, 2),
(220000, 0, 51227, 0, 0, 2),
(220000, 0, 51228, 0, 0, 2),
(220000, 0, 51229, 0, 0, 2),
(220000, 0, 51230, 0, 0, 2),
(220000, 0, 51231, 0, 0, 2),
(220000, 0, 51232, 0, 0, 2),
(220000, 0, 51233, 0, 0, 2),
(220000, 0, 51234, 0, 0, 2),
(220000, 0, 51235, 0, 0, 2),
(220000, 0, 51236, 0, 0, 2),
(220000, 0, 51237, 0, 0, 2),
(220000, 0, 51238, 0, 0, 2),
(220000, 0, 51239, 0, 0, 2),
(220000, 0, 51240, 0, 0, 2),
(220000, 0, 51241, 0, 0, 2),
(220000, 0, 51242, 0, 0, 2),
(220000, 0, 51243, 0, 0, 2),
(220000, 0, 51244, 0, 0, 2),
(220000, 0, 51245, 0, 0, 2),
(220000, 0, 51246, 0, 0, 2),
(220000, 0, 51247, 0, 0, 2),
(220000, 0, 51248, 0, 0, 2),
(220000, 0, 51249, 0, 0, 2),
(220000, 0, 51250, 0, 0, 2),
(220000, 0, 51251, 0, 0, 2),
(220000, 0, 51252, 0, 0, 2),
(220000, 0, 51253, 0, 0, 2),
(220000, 0, 51254, 0, 0, 2),
(220000, 0, 51255, 0, 0, 2),
(220000, 0, 51256, 0, 0, 2),
(220000, 0, 51257, 0, 0, 2),
(220000, 0, 51258, 0, 0, 2),
(220000, 0, 51259, 0, 0, 2),
(220000, 0, 51260, 0, 0, 2),
(220000, 0, 51261, 0, 0, 2),
(220000, 0, 51262, 0, 0, 2),
(220000, 0, 51263, 0, 0, 2),
(220000, 0, 51264, 0, 0, 2),
(220000, 0, 51265, 0, 0, 2),
(220000, 0, 51266, 0, 0, 2),
(220000, 0, 51267, 0, 0, 2),
(220000, 0, 51268, 0, 0, 2),
(220000, 0, 51269, 0, 0, 2),
(220000, 0, 51270, 0, 0, 2),
(220000, 0, 51271, 0, 0, 2),
(220000, 0, 51272, 0, 0, 2),
(220000, 0, 51273, 0, 0, 2),
(220000, 0, 51274, 0, 0, 2),
(220000, 0, 51275, 0, 0, 2),
(220000, 0, 51276, 0, 0, 2),
(220000, 0, 51277, 0, 0, 2),
(220000, 0, 51278, 0, 0, 2),
(220000, 0, 51279, 0, 0, 2),
(220000, 0, 51280, 0, 0, 2),
(220000, 0, 51281, 0, 0, 2),
(220000, 0, 51282, 0, 0, 2),
(220000, 0, 51283, 0, 0, 2),
(220000, 0, 51284, 0, 0, 2),
(220000, 0, 51285, 0, 0, 2),
(220000, 0, 51286, 0, 0, 2),
(220000, 0, 51287, 0, 0, 2),
(220000, 0, 51288, 0, 0, 2),
(220000, 0, 51289, 0, 0, 2),
(220000, 0, 51290, 0, 0, 2),
(220000, 0, 51291, 0, 0, 2),
(220000, 0, 51292, 0, 0, 2),
(220000, 0, 51293, 0, 0, 2),
(220000, 0, 51294, 0, 0, 2),
(220000, 0, 51295, 0, 0, 2),
(220000, 0, 51296, 0, 0, 2),
(220000, 0, 51297, 0, 0, 2),
(220000, 0, 51298, 0, 0, 2),
(220000, 0, 51299, 0, 0, 2),
(220000, 0, 51300, 0, 0, 2),
(220000, 0, 51301, 0, 0, 2),
(220000, 0, 51302, 0, 0, 2),
(220000, 0, 51303, 0, 0, 2),
(220000, 0, 51304, 0, 0, 2),
(220000, 0, 51305, 0, 0, 2),
(220000, 0, 51306, 0, 0, 2),
(220000, 0, 51307, 0, 0, 2),
(220000, 0, 51308, 0, 0, 2),
(220000, 0, 51309, 0, 0, 2),
(220000, 0, 51310, 0, 0, 2),
(220000, 0, 51311, 0, 0, 2),
(220000, 0, 51312, 0, 0, 2),
(220000, 0, 51313, 0, 0, 2),
(220000, 0, 51314, 0, 0, 2);

DELETE FROM `npc_vendor` WHERE (`entry`=220003);
INSERT INTO `npc_vendor` (`entry`, `slot`, `item`, `maxcount`, `incrtime`, `ExtendedCost`) VALUES 
(220003, 0, 51413, 0, 0, 2),
(220003, 0, 51414, 0, 0, 2),
(220003, 0, 51415, 0, 0, 2),
(220003, 0, 51416, 0, 0, 2),
(220003, 0, 51418, 0, 0, 2),
(220003, 0, 51419, 0, 0, 2),
(220003, 0, 51420, 0, 0, 2),
(220003, 0, 51421, 0, 0, 2),
(220003, 0, 51422, 0, 0, 2),
(220003, 0, 51424, 0, 0, 2),
(220003, 0, 51425, 0, 0, 2),
(220003, 0, 51426, 0, 0, 2),
(220003, 0, 51427, 0, 0, 2),
(220003, 0, 51428, 0, 0, 2),
(220003, 0, 51430, 0, 0, 2),
(220003, 0, 51433, 0, 0, 2),
(220003, 0, 51434, 0, 0, 2),
(220003, 0, 51435, 0, 0, 2),
(220003, 0, 51436, 0, 0, 2),
(220003, 0, 51438, 0, 0, 2),
(220003, 0, 51458, 0, 0, 2),
(220003, 0, 51459, 0, 0, 2),
(220003, 0, 51460, 0, 0, 2),
(220003, 0, 51461, 0, 0, 2),
(220003, 0, 51462, 0, 0, 2),
(220003, 0, 51463, 0, 0, 2),
(220003, 0, 51464, 0, 0, 2),
(220003, 0, 51465, 0, 0, 2),
(220003, 0, 51466, 0, 0, 2),
(220003, 0, 51467, 0, 0, 2),
(220003, 0, 51468, 0, 0, 2),
(220003, 0, 51469, 0, 0, 2),
(220003, 0, 51470, 0, 0, 2),
(220003, 0, 51471, 0, 0, 2),
(220003, 0, 51473, 0, 0, 2),
(220003, 0, 51474, 0, 0, 2),
(220003, 0, 51475, 0, 0, 2),
(220003, 0, 51476, 0, 0, 2),
(220003, 0, 51477, 0, 0, 2),
(220003, 0, 51479, 0, 0, 2),
(220003, 0, 51482, 0, 0, 2),
(220003, 0, 51483, 0, 0, 2),
(220003, 0, 51484, 0, 0, 2),
(220003, 0, 51485, 0, 0, 2),
(220003, 0, 51486, 0, 0, 2),
(220003, 0, 51487, 0, 0, 2),
(220003, 0, 51488, 0, 0, 2),
(220003, 0, 51489, 0, 0, 2),
(220003, 0, 51490, 0, 0, 2),
(220003, 0, 51491, 0, 0, 2),
(220003, 0, 51492, 0, 0, 2),
(220003, 0, 51493, 0, 0, 2),
(220003, 0, 51494, 0, 0, 2),
(220003, 0, 51495, 0, 0, 2),
(220003, 0, 51496, 0, 0, 2),
(220003, 0, 51497, 0, 0, 2),
(220003, 0, 51498, 0, 0, 2),
(220003, 0, 51499, 0, 0, 2),
(220003, 0, 51500, 0, 0, 2),
(220003, 0, 51502, 0, 0, 2),
(220003, 0, 51503, 0, 0, 2),
(220003, 0, 51504, 0, 0, 2),
(220003, 0, 51505, 0, 0, 2),
(220003, 0, 51506, 0, 0, 2),
(220003, 0, 51508, 0, 0, 2),
(220003, 0, 51509, 0, 0, 2),
(220003, 0, 51510, 0, 0, 2),
(220003, 0, 51511, 0, 0, 2),
(220003, 0, 51512, 0, 0, 2),
(220003, 0, 51514, 0, 0, 2),
(220003, 0, 51536, 0, 0, 2),
(220003, 0, 51537, 0, 0, 2),
(220003, 0, 51538, 0, 0, 2),
(220003, 0, 51539, 0, 0, 2),
(220003, 0, 51540, 0, 0, 2),
(220003, 0, 51541, 0, 0, 2),
(220003, 0, 51542, 0, 0, 2),
(220003, 0, 51543, 0, 0, 2),
(220003, 0, 51544, 0, 0, 2),
(220003, 0, 51545, 0, 0, 2);

REPLACE INTO `creature_template` (`entry`, `difficulty_entry_1`, `difficulty_entry_2`, `difficulty_entry_3`, `KillCredit1`, `KillCredit2`, `modelid1`, `modelid2`, `modelid3`, `modelid4`, `name`, `subname`, `IconName`, `gossip_menu_id`, `minlevel`, `maxlevel`, `exp`, `faction_A`, `faction_H`, `npcflag`, `speed_walk`, `speed_run`, `scale`, `rank`, `mindmg`, `maxdmg`, `dmgschool`, `attackpower`, `dmg_multiplier`, `baseattacktime`, `rangeattacktime`, `unit_class`, `unit_flags`, `dynamicflags`, `family`, `trainer_type`, `trainer_spell`, `trainer_class`, `trainer_race`, `minrangedmg`, `maxrangedmg`, `rangedattackpower`, `type`, `type_flags`, `lootid`, `pickpocketloot`, `skinloot`, `resistance1`, `resistance2`, `resistance3`, `resistance4`, `resistance5`, `resistance6`, `spell1`, `spell2`, `spell3`, `spell4`, `spell5`, `spell6`, `spell7`, `spell8`, `PetSpellDataId`, `VehicleId`, `mingold`, `maxgold`, `AIName`, `MovementType`, `InhabitType`, `Health_mod`, `Mana_mod`, `Armor_mod`, `RacialLeader`, `questItem1`, `questItem2`, `questItem3`, `questItem4`, `questItem5`, `questItem6`, `movementId`, `RegenHealth`, `mechanic_immune_mask`, `flags_extra`, `ScriptName`, `WDBVerified`) VALUES (21, 0, 0, 0, 0, 0, 6074, 0, 0, 0, 'Bm', '', '', 0, 1, 1, 0, 35, 35, 3, 1, 1.14286, 1, 0, 1, 2, 0, 0, 1, 2000, 2000, 1, 0, 8, 0, 0, 0, 0, 0, 1, 2, 0, 7, 0, 0, 0, 0, 0, 0, 0, 0, 0, 0, 0, 0, 0, 0, 0, 0, 0, 0, 0, 0, 0, 0, '', 0, 3, 10000, 10000, 1, 0, 0, 0, 0, 0, 0, 0, 0, 1, 0, 2, 'npc_morph', 12340);
REPLACE INTO `creature_template` (`entry`, `difficulty_entry_1`, `difficulty_entry_2`, `difficulty_entry_3`, `KillCredit1`, `KillCredit2`, `modelid1`, `modelid2`, `modelid3`, `modelid4`, `name`, `subname`, `IconName`, `gossip_menu_id`, `minlevel`, `maxlevel`, `exp`, `faction_A`, `faction_H`, `npcflag`, `speed_walk`, `speed_run`, `scale`, `rank`, `mindmg`, `maxdmg`, `dmgschool`, `attackpower`, `dmg_multiplier`, `baseattacktime`, `rangeattacktime`, `unit_class`, `unit_flags`, `dynamicflags`, `family`, `trainer_type`, `trainer_spell`, `trainer_class`, `trainer_race`, `minrangedmg`, `maxrangedmg`, `rangedattackpower`, `type`, `type_flags`, `lootid`, `pickpocketloot`, `skinloot`, `resistance1`, `resistance2`, `resistance3`, `resistance4`, `resistance5`, `resistance6`, `spell1`, `spell2`, `spell3`, `spell4`, `spell5`, `spell6`, `spell7`, `spell8`, `PetSpellDataId`, `VehicleId`, `mingold`, `maxgold`, `AIName`, `MovementType`, `InhabitType`, `Health_mod`, `Mana_mod`, `Armor_mod`, `RacialLeader`, `questItem1`, `questItem2`, `questItem3`, `questItem4`, `questItem5`, `questItem6`, `movementId`, `RegenHealth`, `mechanic_immune_mask`, `flags_extra`, `ScriptName`, `WDBVerified`) VALUES (22, 0, 0, 0, 0, 0, 6074, 0, 0, 0, 'Abi', '', '', 0, 1, 1, 0, 35, 35, 3, 1, 1.14286, 1, 0, 1, 2, 0, 0, 1, 2000, 2000, 1, 0, 8, 0, 0, 0, 0, 0, 1, 2, 0, 7, 0, 0, 0, 0, 0, 0, 0, 0, 0, 0, 0, 0, 0, 0, 0, 0, 0, 0, 0, 0, 0, 0, '', 0, 3, 10000, 10000, 1, 0, 0, 0, 0, 0, 0, 0, 0, 1, 0, 2, 'npc_buffer', 12340);
REPLACE INTO `creature_template` (`entry`, `difficulty_entry_1`, `difficulty_entry_2`, `difficulty_entry_3`, `KillCredit1`, `KillCredit2`, `modelid1`, `modelid2`, `modelid3`, `modelid4`, `name`, `subname`, `IconName`, `gossip_menu_id`, `minlevel`, `maxlevel`, `exp`, `faction_A`, `faction_H`, `npcflag`, `speed_walk`, `speed_run`, `scale`, `rank`, `mindmg`, `maxdmg`, `dmgschool`, `attackpower`, `dmg_multiplier`, `baseattacktime`, `rangeattacktime`, `unit_class`, `unit_flags`, `dynamicflags`, `family`, `trainer_type`, `trainer_spell`, `trainer_class`, `trainer_race`, `minrangedmg`, `maxrangedmg`, `rangedattackpower`, `type`, `type_flags`, `lootid`, `pickpocketloot`, `skinloot`, `resistance1`, `resistance2`, `resistance3`, `resistance4`, `resistance5`, `resistance6`, `spell1`, `spell2`, `spell3`, `spell4`, `spell5`, `spell6`, `spell7`, `spell8`, `PetSpellDataId`, `VehicleId`, `mingold`, `maxgold`, `AIName`, `MovementType`, `InhabitType`, `Health_mod`, `Mana_mod`, `Armor_mod`, `RacialLeader`, `questItem1`, `questItem2`, `questItem3`, `questItem4`, `questItem5`, `questItem6`, `movementId`, `RegenHealth`, `mechanic_immune_mask`, `flags_extra`, `ScriptName`, `WDBVerified`) VALUES (23, 0, 0, 0, 0, 0, 6074, 0, 0, 0, 'Benny', '', '', 0, 1, 1, 0, 35, 35, 3, 1, 1.14286, 1, 0, 1, 2, 0, 0, 1, 2000, 2000, 1, 0, 8, 0, 0, 0, 0, 0, 1, 2, 0, 7, 0, 0, 0, 0, 0, 0, 0, 0, 0, 0, 0, 0, 0, 0, 0, 0, 0, 0, 0, 0, 0, 0, '', 0, 3, 10000, 10000, 1, 0, 0, 0, 0, 0, 0, 0, 0, 1, 0, 2, 'event_npc_firelord', 12340);
REPLACE INTO `creature_template` (`entry`, `difficulty_entry_1`, `difficulty_entry_2`, `difficulty_entry_3`, `KillCredit1`, `KillCredit2`, `modelid1`, `modelid2`, `modelid3`, `modelid4`, `name`, `subname`, `IconName`, `gossip_menu_id`, `minlevel`, `maxlevel`, `exp`, `faction_A`, `faction_H`, `npcflag`, `speed_walk`, `speed_run`, `scale`, `rank`, `mindmg`, `maxdmg`, `dmgschool`, `attackpower`, `dmg_multiplier`, `baseattacktime`, `rangeattacktime`, `unit_class`, `unit_flags`, `dynamicflags`, `family`, `trainer_type`, `trainer_spell`, `trainer_class`, `trainer_race`, `minrangedmg`, `maxrangedmg`, `rangedattackpower`, `type`, `type_flags`, `lootid`, `pickpocketloot`, `skinloot`, `resistance1`, `resistance2`, `resistance3`, `resistance4`, `resistance5`, `resistance6`, `spell1`, `spell2`, `spell3`, `spell4`, `spell5`, `spell6`, `spell7`, `spell8`, `PetSpellDataId`, `VehicleId`, `mingold`, `maxgold`, `AIName`, `MovementType`, `InhabitType`, `Health_mod`, `Mana_mod`, `Armor_mod`, `RacialLeader`, `questItem1`, `questItem2`, `questItem3`, `questItem4`, `questItem5`, `questItem6`, `movementId`, `RegenHealth`, `mechanic_immune_mask`, `flags_extra`, `ScriptName`, `WDBVerified`) VALUES (24, 0, 0, 0, 0, 0, 6074, 0, 0, 0, 'Benny', '', '', 0, 1, 1, 0, 35, 35, 3, 1, 1.14286, 1, 0, 1, 2, 0, 0, 1, 2000, 2000, 1, 0, 8, 0, 0, 0, 0, 0, 1, 2, 0, 7, 0, 0, 0, 0, 0, 0, 0, 0, 0, 0, 0, 0, 0, 0, 0, 0, 0, 0, 0, 0, 0, 0, '', 0, 3, 10000, 10000, 1, 0, 0, 0, 0, 0, 0, 0, 0, 1, 0, 2, 'event_warrior', 12340);
REPLACE INTO `creature_template` (`entry`, `modelid1`, `modelid3`, `name`, `gossip_menu_id`, `minlevel`, `faction_A`, `faction_H`, `npcflag`, `unit_class`, `ScriptName`) VALUES 
('100003', '25103', '25106', 'Beastmaster', '40009', '80', '35', '35', '1', '1', 'npc_hunterpetvendor');
-- --------------

REPLACE INTO `gossip_menu` (entry, text_id)
VALUES ('40009', '40009');

REPLACE INTO `npc_text` (ID, text0_0, text0_1, lang0, prob0, em0_0, em0_1, em0_2, em0_3, em0_4, em0_5, text1_0, text1_1, lang1, prob1, em1_0, em1_1, em1_2, em1_3, em1_4, em1_5, text2_0, text2_1, lang2, prob2, em2_0, em2_1, em2_2, em2_3, em2_4, em2_5, text3_0, text3_1, lang3, prob3, em3_0, em3_1, em3_2, em3_3, em3_4, em3_5, text4_0, text4_1, lang4, prob4, em4_0, em4_1, em4_2, em4_3, em4_4, em4_5, text5_0, text5_1, lang5, prob5, em5_0, em5_1, em5_2, em5_3, em5_4, em5_5, text6_0, text6_1, lang6, prob6, em6_0, em6_1, em6_2, em6_3, em6_4, em6_5, text7_0, text7_1, lang7, prob7, em7_0, em7_1, em7_2, em7_3, em7_4, em7_5, WDBVerified)
VALUES ('40009', 'Hi $N, Please choose a Category:', '0', '0', '0', '0', '0', '0', '0', '0', '0', '0', '0', '0', '0', '0', '0', '0', '0', '0', '0', '0', '0', '0', '0', '0', '0', '0', '0', '0', '0', '0', '0', '0', '0', '0', '0', '0', '0', '0', '0', '0', '0', '0', '0', '0', '0', '0', '0', '0', '0', '0', '0', '0', '0', '0', '0', '0', '0', '0', '0', '0', '0', '0', '0', '0', '0', '0', '0', '0', '0', '0', '0', '0', '0', '0', '0', '0', '0', '0', '0', '0');


-- ------------------------------

REPLACE INTO `gossip_menu` (entry, text_id)
VALUES ('40010', '40010');

REPLACE INTO `npc_text` (ID, text0_0, text0_1, lang0, prob0, em0_0, em0_1, em0_2, em0_3, em0_4, em0_5, text1_0, text1_1, lang1, prob1, em1_0, em1_1, em1_2, em1_3, em1_4, em1_5, text2_0, text2_1, lang2, prob2, em2_0, em2_1, em2_2, em2_3, em2_4, em2_5, text3_0, text3_1, lang3, prob3, em3_0, em3_1, em3_2, em3_3, em3_4, em3_5, text4_0, text4_1, lang4, prob4, em4_0, em4_1, em4_2, em4_3, em4_4, em4_5, text5_0, text5_1, lang5, prob5, em5_0, em5_1, em5_2, em5_3, em5_4, em5_5, text6_0, text6_1, lang6, prob6, em6_0, em6_1, em6_2, em6_3, em6_4, em6_5, text7_0, text7_1, lang7, prob7, em7_0, em7_1, em7_2, em7_3, em7_4, em7_5, WDBVerified)
VALUES ('40010', 'Sorry, you must be a Hunter to summon a creature.', '0', '0', '0', '0', '0', '0', '0', '0', '0', '0', '0', '0', '0', '0', '0', '0', '0', '0', '0', '0', '0', '0', '0', '0', '0', '0', '0', '0', '0', '0', '0', '0', '0', '0', '0', '0', '0', '0', '0', '0', '0', '0', '0', '0', '0', '0', '0', '0', '0', '0', '0', '0', '0', '0', '0', '0', '0', '0', '0', '0', '0', '0', '0', '0', '0', '0', '0', '0', '0', '0', '0', '0', '0', '0', '0', '0', '0', '0', '0', '0');

-- -----------------------------------

REPLACE INTO `gossip_menu` (entry, text_id)
VALUES ('40011', '40011');

REPLACE INTO `npc_text` (ID, text0_0, text0_1, lang0, prob0, em0_0, em0_1, em0_2, em0_3, em0_4, em0_5, text1_0, text1_1, lang1, prob1, em1_0, em1_1, em1_2, em1_3, em1_4, em1_5, text2_0, text2_1, lang2, prob2, em2_0, em2_1, em2_2, em2_3, em2_4, em2_5, text3_0, text3_1, lang3, prob3, em3_0, em3_1, em3_2, em3_3, em3_4, em3_5, text4_0, text4_1, lang4, prob4, em4_0, em4_1, em4_2, em4_3, em4_4, em4_5, text5_0, text5_1, lang5, prob5, em5_0, em5_1, em5_2, em5_3, em5_4, em5_5, text6_0, text6_1, lang6, prob6, em6_0, em6_1, em6_2, em6_3, em6_4, em6_5, text7_0, text7_1, lang7, prob7, em7_0, em7_1, em7_2, em7_3, em7_4, em7_5, WDBVerified)
VALUES ('40011', 'Please choose a creature:', '0', '0', '0', '0', '0', '0', '0', '0', '0', '0', '0', '0', '0', '0', '0', '0', '0', '0', '0', '0', '0', '0', '0', '0', '0', '0', '0', '0', '0', '0', '0', '0', '0', '0', '0', '0', '0', '0', '0', '0', '0', '0', '0', '0', '0', '0', '0', '0', '0', '0', '0', '0', '0', '0', '0', '0', '0', '0', '0', '0', '0', '0', '0', '0', '0', '0', '0', '0', '0', '0', '0', '0', '0', '0', '0', '0', '0', '0', '0', '0');

UPDATE `creature` SET `equipment_id` = '0' WHERE `entry` IN (700501, 556000, 552000, 557000, 553000, 555000,  551000, 560000, 700502, 558000, 554000, 2001180, 559000, 2001174, 200097);


DELETE FROM `npc_vendor` WHERE (`entry`=500122);
INSERT INTO `npc_vendor` (`entry`, `slot`, `item`, `maxcount`, `incrtime`, `ExtendedCost`) VALUES 
(500122, 0, 42210, 0, 0, 0),
(500122, 0, 42229, 0, 0, 0),
(500122, 0, 42234, 0, 0, 0),
(500122, 0, 42244, 0, 0, 0),
(500122, 0, 42250, 0, 0, 0),
(500122, 0, 42257, 0, 0, 0),
(500122, 0, 42262, 0, 0, 0),
(500122, 0, 42267, 0, 0, 0),
(500122, 0, 42272, 0, 0, 0),
(500122, 0, 42277, 0, 0, 0),
(500122, 0, 42282, 0, 0, 0),
(500122, 0, 42287, 0, 0, 0),
(500122, 0, 42292, 0, 0, 0),
(500122, 0, 42319, 0, 0, 0),
(500122, 0, 42324, 0, 0, 0),
(500122, 0, 42329, 0, 0, 0),
(500122, 0, 42334, 0, 0, 0),
(500122, 0, 42348, 0, 0, 0),
(500122, 0, 42354, 0, 0, 0),
(500122, 0, 42366, 0, 0, 0),
(500122, 0, 42386, 0, 0, 0),
(500122, 0, 42392, 0, 0, 0),
(500122, 0, 42483, 0, 0, 0),
(500122, 0, 42487, 0, 0, 0),
(500122, 0, 42492, 0, 0, 0),
(500122, 0, 42498, 0, 0, 0),
(500122, 0, 42504, 0, 0, 0),
(500122, 0, 42515, 0, 0, 0),
(500122, 0, 42521, 0, 0, 0),
(500122, 0, 44423, 0, 0, 0),
(500122, 0, 44424, 0, 0, 0),
(500122, 0, 48402, 0, 0, 0),
(500122, 0, 48404, 0, 0, 0),
(500122, 0, 48406, 0, 0, 0),
(500122, 0, 48408, 0, 0, 0),
(500122, 0, 48410, 0, 0, 0),
(500122, 0, 48412, 0, 0, 0),
(500122, 0, 48414, 0, 0, 0),
(500122, 0, 48420, 0, 0, 0),
(500122, 0, 48422, 0, 0, 0),
(500122, 0, 48424, 0, 0, 0),
(500122, 0, 48426, 0, 0, 0),
(500122, 0, 48428, 0, 0, 0),
(500122, 0, 48432, 0, 0, 0),
(500122, 0, 48435, 0, 0, 0),
(500122, 0, 48438, 0, 0, 0),
(500122, 0, 48440, 0, 0, 0),
(500122, 0, 48442, 0, 0, 0),
(500122, 0, 48444, 0, 0, 0),
(500122, 0, 48507, 0, 0, 0),
(500122, 0, 48509, 0, 0, 0),
(500122, 0, 48511, 0, 0, 0),
(500122, 0, 48513, 0, 0, 0),
(500122, 0, 48515, 0, 0, 0),
(500122, 0, 48517, 0, 0, 0),
(500122, 0, 48519, 0, 0, 0),
(500122, 0, 48521, 0, 0, 0),
(500122, 0, 48523, 0, 0, 0),
(500122, 0, 49185, 0, 0, 0),
(500122, 0, 49189, 0, 0, 0),
(500122, 0, 49191, 0, 0, 0);
